Data;Período;Produto;Qtd
01/08/2026;Manhã;Beijinho;9
01/08/2026;Manhã;Bolo de chocolate;3
01/08/2026;Manhã;Brigadeiro;4
01/08/2026;Manhã;Ceviche;2
01/08/2026;Manhã;Coxinha;2
01/08/2026;Manhã;Croissant;2
01/08/2026;Manhã;Enroladinho de presunto e queijo;4
01/08/2026;Manhã;Espetinho de carne;1
01/08/2026;Manhã;Frango assado;1
01/08/2026;Manhã;Frango temperado;0
01/08/2026;Manhã;Hambúrguer artesanal;2
01/08/2026;Manhã;Kafta;1
01/08/2026;Manhã;Lasanha;1
01/08/2026;Manhã;Linguiça artesanal;1
01/08/2026;Manhã;Macarrão à bolonhesa;1
01/08/2026;Manhã;Maki;5
01/08/2026;Manhã;Marmita de arroz e feijão;0
01/08/2026;Manhã;Pudim;1
01/08/2026;Manhã;Purê de batata;1
01/08/2026;Manhã;Pão de queijo;3
01/08/2026;Manhã;Pão francês;8
01/08/2026;Manhã;Sashimi;2
01/08/2026;Manhã;Sushi;2
01/08/2026;Manhã;Temaki;6
01/08/2026;Manhã;Torta de limão;6
01/08/2026;Tarde;Beijinho;4
01/08/2026;Tarde;Bolo de chocolate;5
01/08/2026;Tarde;Brigadeiro;4
01/08/2026;Tarde;Ceviche;5
01/08/2026;Tarde;Coxinha;4
01/08/2026;Tarde;Croissant;1
01/08/2026;Tarde;Enroladinho de presunto e queijo;5
01/08/2026;Tarde;Espetinho de carne;4
01/08/2026;Tarde;Frango assado;4
01/08/2026;Tarde;Frango temperado;5
01/08/2026;Tarde;Hambúrguer artesanal;5
01/08/2026;Tarde;Kafta;1
01/08/2026;Tarde;Lasanha;2
01/08/2026;Tarde;Linguiça artesanal;4
01/08/2026;Tarde;Macarrão à bolonhesa;3
01/08/2026;Tarde;Maki;3
01/08/2026;Tarde;Marmita de arroz e feijão;3
01/08/2026;Tarde;Pudim;2
01/08/2026;Tarde;Purê de batata;3
01/08/2026;Tarde;Pão de queijo;4
01/08/2026;Tarde;Pão francês;5
01/08/2026;Tarde;Sashimi;2
01/08/2026;Tarde;Sushi;5
01/08/2026;Tarde;Temaki;4
01/08/2026;Tarde;Torta de limão;8
01/08/2026;Noite;Beijinho;5
01/08/2026;Noite;Bolo de chocolate;2
01/08/2026;Noite;Brigadeiro;1
01/08/2026;Noite;Ceviche;10
01/08/2026;Noite;Coxinha;1
01/08/2026;Noite;Croissant;1
01/08/2026;Noite;Enroladinho de presunto e queijo;5
01/08/2026;Noite;Espetinho de carne;2
01/08/2026;Noite;Frango assado;1
01/08/2026;Noite;Frango temperado;1
01/08/2026;Noite;Hambúrguer artesanal;1
01/08/2026;Noite;Kafta;2
01/08/2026;Noite;Lasanha;2
01/08/2026;Noite;Linguiça artesanal;6
01/08/2026;Noite;Macarrão à bolonhesa;2
01/08/2026;Noite;Maki;7
01/08/2026;Noite;Marmita de arroz e feijão;3
01/08/2026;Noite;Pudim;6
01/08/2026;Noite;Purê de batata;0
01/08/2026;Noite;Pão de queijo;3
01/08/2026;Noite;Pão francês;3
01/08/2026;Noite;Sashimi;7
01/08/2026;Noite;Sushi;10
01/08/2026;Noite;Temaki;7
01/08/2026;Noite;Torta de limão;4
02/08/2026;Manhã;Beijinho;5
02/08/2026;Manhã;Bolo de chocolate;5
02/08/2026;Manhã;Brigadeiro;5
02/08/2026;Manhã;Ceviche;1
02/08/2026;Manhã;Coxinha;3
02/08/2026;Manhã;Croissant;4
02/08/2026;Manhã;Enroladinho de presunto e queijo;3
02/08/2026;Manhã;Espetinho de carne;3
02/08/2026;Manhã;Frango assado;1
02/08/2026;Manhã;Frango temperado;0
02/08/2026;Manhã;Hambúrguer artesanal;0
02/08/2026;Manhã;Kafta;1
02/08/2026;Manhã;Lasanha;1
02/08/2026;Manhã;Linguiça artesanal;1
02/08/2026;Manhã;Macarrão à bolonhesa;3
02/08/2026;Manhã;Maki;2
02/08/2026;Manhã;Marmita de arroz e feijão;0
02/08/2026;Manhã;Pudim;4
02/08/2026;Manhã;Purê de batata;2
02/08/2026;Manhã;Pão de queijo;4
02/08/2026;Manhã;Pão francês;1
02/08/2026;Manhã;Sashimi;4
02/08/2026;Manhã;Sushi;3
02/08/2026;Manhã;Temaki;2
02/08/2026;Manhã;Torta de limão;6
02/08/2026;Tarde;Beijinho;3
02/08/2026;Tarde;Bolo de chocolate;5
02/08/2026;Tarde;Brigadeiro;2
02/08/2026;Tarde;Ceviche;2
02/08/2026;Tarde;Coxinha;5
02/08/2026;Tarde;Croissant;3
02/08/2026;Tarde;Enroladinho de presunto e queijo;2
02/08/2026;Tarde;Espetinho de carne;1
02/08/2026;Tarde;Frango assado;4
02/08/2026;Tarde;Frango temperado;2
02/08/2026;Tarde;Hambúrguer artesanal;1
02/08/2026;Tarde;Kafta;1
02/08/2026;Tarde;Lasanha;1
02/08/2026;Tarde;Linguiça artesanal;2
02/08/2026;Tarde;Macarrão à bolonhesa;2
02/08/2026;Tarde;Maki;5
02/08/2026;Tarde;Marmita de arroz e feijão;4
02/08/2026;Tarde;Pudim;3
02/08/2026;Tarde;Purê de batata;0
02/08/2026;Tarde;Pão de queijo;3
02/08/2026;Tarde;Pão francês;4
02/08/2026;Tarde;Sashimi;4
02/08/2026;Tarde;Sushi;4
02/08/2026;Tarde;Temaki;4
02/08/2026;Tarde;Torta de limão;3
02/08/2026;Noite;Beijinho;1
02/08/2026;Noite;Bolo de chocolate;3
02/08/2026;Noite;Brigadeiro;2
02/08/2026;Noite;Ceviche;2
02/08/2026;Noite;Coxinha;3
02/08/2026;Noite;Croissant;0
02/08/2026;Noite;Enroladinho de presunto e queijo;5
02/08/2026;Noite;Espetinho de carne;5
02/08/2026;Noite;Frango assado;2
02/08/2026;Noite;Frango temperado;2
02/08/2026;Noite;Hambúrguer artesanal;1
02/08/2026;Noite;Kafta;1
02/08/2026;Noite;Lasanha;1
02/08/2026;Noite;Linguiça artesanal;1
02/08/2026;Noite;Macarrão à bolonhesa;0
02/08/2026;Noite;Maki;10
02/08/2026;Noite;Marmita de arroz e feijão;2
02/08/2026;Noite;Pudim;5
02/08/2026;Noite;Purê de batata;4
02/08/2026;Noite;Pão de queijo;1
02/08/2026;Noite;Pão francês;2
02/08/2026;Noite;Sashimi;7
02/08/2026;Noite;Sushi;8
02/08/2026;Noite;Temaki;9
02/08/2026;Noite;Torta de limão;6
03/08/2026;Manhã;Beijinho;4
03/08/2026;Manhã;Bolo de chocolate;3
03/08/2026;Manhã;Brigadeiro;5
03/08/2026;Manhã;Ceviche;0
03/08/2026;Manhã;Coxinha;3
03/08/2026;Manhã;Croissant;6
03/08/2026;Manhã;Enroladinho de presunto e queijo;3
03/08/2026;Manhã;Espetinho de carne;0
03/08/2026;Manhã;Frango assado;0
03/08/2026;Manhã;Frango temperado;2
03/08/2026;Manhã;Hambúrguer artesanal;0
03/08/2026;Manhã;Kafta;1
03/08/2026;Manhã;Lasanha;1
03/08/2026;Manhã;Linguiça artesanal;0
03/08/2026;Manhã;Macarrão à bolonhesa;0
03/08/2026;Manhã;Maki;1
03/08/2026;Manhã;Marmita de arroz e feijão;2
03/08/2026;Manhã;Pudim;2
03/08/2026;Manhã;Purê de batata;2
03/08/2026;Manhã;Pão de queijo;3
03/08/2026;Manhã;Pão francês;1
03/08/2026;Manhã;Sashimi;0
03/08/2026;Manhã;Sushi;1
03/08/2026;Manhã;Temaki;1
03/08/2026;Manhã;Torta de limão;3
03/08/2026;Tarde;Beijinho;4
03/08/2026;Tarde;Bolo de chocolate;5
03/08/2026;Tarde;Brigadeiro;1
03/08/2026;Tarde;Ceviche;1
03/08/2026;Tarde;Coxinha;2
03/08/2026;Tarde;Croissant;2
03/08/2026;Tarde;Enroladinho de presunto e queijo;2
03/08/2026;Tarde;Espetinho de carne;5
03/08/2026;Tarde;Frango assado;4
03/08/2026;Tarde;Frango temperado;2
03/08/2026;Tarde;Hambúrguer artesanal;2
03/08/2026;Tarde;Kafta;1
03/08/2026;Tarde;Lasanha;4
03/08/2026;Tarde;Linguiça artesanal;0
03/08/2026;Tarde;Macarrão à bolonhesa;4
03/08/2026;Tarde;Maki;0
03/08/2026;Tarde;Marmita de arroz e feijão;3
03/08/2026;Tarde;Pudim;5
03/08/2026;Tarde;Purê de batata;4
03/08/2026;Tarde;Pão de queijo;0
03/08/2026;Tarde;Pão francês;3
03/08/2026;Tarde;Sashimi;3
03/08/2026;Tarde;Sushi;1
03/08/2026;Tarde;Temaki;0
03/08/2026;Tarde;Torta de limão;1
03/08/2026;Noite;Beijinho;0
03/08/2026;Noite;Bolo de chocolate;3
03/08/2026;Noite;Brigadeiro;2
03/08/2026;Noite;Ceviche;2
03/08/2026;Noite;Coxinha;1
03/08/2026;Noite;Croissant;1
03/08/2026;Noite;Enroladinho de presunto e queijo;3
03/08/2026;Noite;Espetinho de carne;7
03/08/2026;Noite;Frango assado;1
03/08/2026;Noite;Frango temperado;2
03/08/2026;Noite;Hambúrguer artesanal;2
03/08/2026;Noite;Kafta;1
03/08/2026;Noite;Lasanha;3
03/08/2026;Noite;Linguiça artesanal;8
03/08/2026;Noite;Macarrão à bolonhesa;2
03/08/2026;Noite;Maki;3
03/08/2026;Noite;Marmita de arroz e feijão;1
03/08/2026;Noite;Pudim;0
03/08/2026;Noite;Purê de batata;1
03/08/2026;Noite;Pão de queijo;1
03/08/2026;Noite;Pão francês;1
03/08/2026;Noite;Sashimi;3
03/08/2026;Noite;Sushi;6
03/08/2026;Noite;Temaki;2
03/08/2026;Noite;Torta de limão;2
04/08/2026;Manhã;Beijinho;2
04/08/2026;Manhã;Bolo de chocolate;2
04/08/2026;Manhã;Brigadeiro;4
04/08/2026;Manhã;Ceviche;0
04/08/2026;Manhã;Coxinha;3
04/08/2026;Manhã;Croissant;10
04/08/2026;Manhã;Enroladinho de presunto e queijo;4
04/08/2026;Manhã;Espetinho de carne;3
04/08/2026;Manhã;Frango assado;4
04/08/2026;Manhã;Frango temperado;1
04/08/2026;Manhã;Hambúrguer artesanal;2
04/08/2026;Manhã;Kafta;1
04/08/2026;Manhã;Lasanha;2
04/08/2026;Manhã;Linguiça artesanal;3
04/08/2026;Manhã;Macarrão à bolonhesa;1
04/08/2026;Manhã;Maki;2
04/08/2026;Manhã;Marmita de arroz e feijão;4
04/08/2026;Manhã;Pudim;4
04/08/2026;Manhã;Purê de batata;3
04/08/2026;Manhã;Pão de queijo;10
04/08/2026;Manhã;Pão francês;4
04/08/2026;Manhã;Sashimi;2
04/08/2026;Manhã;Sushi;1
04/08/2026;Manhã;Temaki;3
04/08/2026;Manhã;Torta de limão;4
04/08/2026;Tarde;Beijinho;6
04/08/2026;Tarde;Bolo de chocolate;2
04/08/2026;Tarde;Brigadeiro;5
04/08/2026;Tarde;Ceviche;7
04/08/2026;Tarde;Coxinha;7
04/08/2026;Tarde;Croissant;3
04/08/2026;Tarde;Enroladinho de presunto e queijo;8
04/08/2026;Tarde;Espetinho de carne;6
04/08/2026;Tarde;Frango assado;10
04/08/2026;Tarde;Frango temperado;10
04/08/2026;Tarde;Hambúrguer artesanal;10
04/08/2026;Tarde;Kafta;6
04/08/2026;Tarde;Lasanha;7
04/08/2026;Tarde;Linguiça artesanal;7
04/08/2026;Tarde;Macarrão à bolonhesa;6
04/08/2026;Tarde;Maki;6
04/08/2026;Tarde;Marmita de arroz e feijão;6
04/08/2026;Tarde;Pudim;3
04/08/2026;Tarde;Purê de batata;6
04/08/2026;Tarde;Pão de queijo;4
04/08/2026;Tarde;Pão francês;0
04/08/2026;Tarde;Sashimi;3
04/08/2026;Tarde;Sushi;7
04/08/2026;Tarde;Temaki;6
04/08/2026;Tarde;Torta de limão;9
04/08/2026;Noite;Beijinho;4
04/08/2026;Noite;Bolo de chocolate;7
04/08/2026;Noite;Brigadeiro;3
04/08/2026;Noite;Ceviche;9
04/08/2026;Noite;Coxinha;4
04/08/2026;Noite;Croissant;0
04/08/2026;Noite;Enroladinho de presunto e queijo;8
04/08/2026;Noite;Espetinho de carne;3
04/08/2026;Noite;Frango assado;6
04/08/2026;Noite;Frango temperado;4
04/08/2026;Noite;Hambúrguer artesanal;8
04/08/2026;Noite;Kafta;8
04/08/2026;Noite;Lasanha;6
04/08/2026;Noite;Linguiça artesanal;8
04/08/2026;Noite;Macarrão à bolonhesa;3
04/08/2026;Noite;Maki;6
04/08/2026;Noite;Marmita de arroz e feijão;2
04/08/2026;Noite;Pudim;6
04/08/2026;Noite;Purê de batata;2
04/08/2026;Noite;Pão de queijo;3
04/08/2026;Noite;Pão francês;2
04/08/2026;Noite;Sashimi;6
04/08/2026;Noite;Sushi;1
04/08/2026;Noite;Temaki;6
04/08/2026;Noite;Torta de limão;3
05/08/2026;Manhã;Beijinho;1
05/08/2026;Manhã;Bolo de chocolate;4
05/08/2026;Manhã;Brigadeiro;4
05/08/2026;Manhã;Ceviche;1
05/08/2026;Manhã;Coxinha;7
05/08/2026;Manhã;Croissant;6
05/08/2026;Manhã;Enroladinho de presunto e queijo;4
05/08/2026;Manhã;Espetinho de carne;3
05/08/2026;Manhã;Frango assado;4
05/08/2026;Manhã;Frango temperado;3
05/08/2026;Manhã;Hambúrguer artesanal;2
05/08/2026;Manhã;Kafta;3
05/08/2026;Manhã;Lasanha;5
05/08/2026;Manhã;Linguiça artesanal;1
05/08/2026;Manhã;Macarrão à bolonhesa;3
05/08/2026;Manhã;Maki;0
05/08/2026;Manhã;Marmita de arroz e feijão;2
05/08/2026;Manhã;Pudim;6
05/08/2026;Manhã;Purê de batata;3
05/08/2026;Manhã;Pão de queijo;8
05/08/2026;Manhã;Pão francês;3
05/08/2026;Manhã;Sashimi;2
05/08/2026;Manhã;Sushi;3
05/08/2026;Manhã;Temaki;4
05/08/2026;Manhã;Torta de limão;8
05/08/2026;Tarde;Beijinho;5
05/08/2026;Tarde;Bolo de chocolate;5
05/08/2026;Tarde;Brigadeiro;8
05/08/2026;Tarde;Ceviche;6
05/08/2026;Tarde;Coxinha;1
05/08/2026;Tarde;Croissant;1
05/08/2026;Tarde;Enroladinho de presunto e queijo;6
05/08/2026;Tarde;Espetinho de carne;7
05/08/2026;Tarde;Frango assado;2
05/08/2026;Tarde;Frango temperado;10
05/08/2026;Tarde;Hambúrguer artesanal;5
05/08/2026;Tarde;Kafta;5
05/08/2026;Tarde;Lasanha;7
05/08/2026;Tarde;Linguiça artesanal;2
05/08/2026;Tarde;Macarrão à bolonhesa;5
05/08/2026;Tarde;Maki;1
05/08/2026;Tarde;Marmita de arroz e feijão;5
05/08/2026;Tarde;Pudim;8
05/08/2026;Tarde;Purê de batata;7
05/08/2026;Tarde;Pão de queijo;3
05/08/2026;Tarde;Pão francês;4
05/08/2026;Tarde;Sashimi;8
05/08/2026;Tarde;Sushi;1
05/08/2026;Tarde;Temaki;7
05/08/2026;Tarde;Torta de limão;3
05/08/2026;Noite;Beijinho;5
05/08/2026;Noite;Bolo de chocolate;1
05/08/2026;Noite;Brigadeiro;3
05/08/2026;Noite;Ceviche;10
05/08/2026;Noite;Coxinha;9
05/08/2026;Noite;Croissant;2
05/08/2026;Noite;Enroladinho de presunto e queijo;5
05/08/2026;Noite;Espetinho de carne;7
05/08/2026;Noite;Frango assado;1
05/08/2026;Noite;Frango temperado;4
05/08/2026;Noite;Hambúrguer artesanal;4
05/08/2026;Noite;Kafta;10
05/08/2026;Noite;Lasanha;4
05/08/2026;Noite;Linguiça artesanal;9
05/08/2026;Noite;Macarrão à bolonhesa;4
05/08/2026;Noite;Maki;8
05/08/2026;Noite;Marmita de arroz e feijão;3
05/08/2026;Noite;Pudim;5
05/08/2026;Noite;Purê de batata;4
05/08/2026;Noite;Pão de queijo;2
05/08/2026;Noite;Pão francês;3
05/08/2026;Noite;Sashimi;10
05/08/2026;Noite;Sushi;5
05/08/2026;Noite;Temaki;5
05/08/2026;Noite;Torta de limão;2
06/08/2026;Manhã;Beijinho;3
06/08/2026;Manhã;Bolo de chocolate;6
06/08/2026;Manhã;Brigadeiro;2
06/08/2026;Manhã;Ceviche;5
06/08/2026;Manhã;Coxinha;8
06/08/2026;Manhã;Croissant;10
06/08/2026;Manhã;Enroladinho de presunto e queijo;2
06/08/2026;Manhã;Espetinho de carne;2
06/08/2026;Manhã;Frango assado;1
06/08/2026;Manhã;Frango temperado;3
06/08/2026;Manhã;Hambúrguer artesanal;1
06/08/2026;Manhã;Kafta;6
06/08/2026;Manhã;Lasanha;4
06/08/2026;Manhã;Linguiça artesanal;4
06/08/2026;Manhã;Macarrão à bolonhesa;1
06/08/2026;Manhã;Maki;1
06/08/2026;Manhã;Marmita de arroz e feijão;3
06/08/2026;Manhã;Pudim;3
06/08/2026;Manhã;Purê de batata;2
06/08/2026;Manhã;Pão de queijo;5
06/08/2026;Manhã;Pão francês;5
06/08/2026;Manhã;Sashimi;3
06/08/2026;Manhã;Sushi;3
06/08/2026;Manhã;Temaki;1
06/08/2026;Manhã;Torta de limão;7
06/08/2026;Tarde;Beijinho;9
06/08/2026;Tarde;Bolo de chocolate;0
06/08/2026;Tarde;Brigadeiro;4
06/08/2026;Tarde;Ceviche;7
06/08/2026;Tarde;Coxinha;5
06/08/2026;Tarde;Croissant;2
06/08/2026;Tarde;Enroladinho de presunto e queijo;5
06/08/2026;Tarde;Espetinho de carne;3
06/08/2026;Tarde;Frango assado;10
06/08/2026;Tarde;Frango temperado;6
06/08/2026;Tarde;Hambúrguer artesanal;6
06/08/2026;Tarde;Kafta;4
06/08/2026;Tarde;Lasanha;4
06/08/2026;Tarde;Linguiça artesanal;4
06/08/2026;Tarde;Macarrão à bolonhesa;8
06/08/2026;Tarde;Maki;3
06/08/2026;Tarde;Marmita de arroz e feijão;6
06/08/2026;Tarde;Pudim;3
06/08/2026;Tarde;Purê de batata;5
06/08/2026;Tarde;Pão de queijo;5
06/08/2026;Tarde;Pão francês;2
06/08/2026;Tarde;Sashimi;3
06/08/2026;Tarde;Sushi;3
06/08/2026;Tarde;Temaki;2
06/08/2026;Tarde;Torta de limão;1
06/08/2026;Noite;Beijinho;3
06/08/2026;Noite;Bolo de chocolate;4
06/08/2026;Noite;Brigadeiro;4
06/08/2026;Noite;Ceviche;10
06/08/2026;Noite;Coxinha;5
06/08/2026;Noite;Croissant;1
06/08/2026;Noite;Enroladinho de presunto e queijo;3
06/08/2026;Noite;Espetinho de carne;10
06/08/2026;Noite;Frango assado;1
06/08/2026;Noite;Frango temperado;5
06/08/2026;Noite;Hambúrguer artesanal;4
06/08/2026;Noite;Kafta;10
06/08/2026;Noite;Lasanha;6
06/08/2026;Noite;Linguiça artesanal;6
06/08/2026;Noite;Macarrão à bolonhesa;1
06/08/2026;Noite;Maki;5
06/08/2026;Noite;Marmita de arroz e feijão;4
06/08/2026;Noite;Pudim;5
06/08/2026;Noite;Purê de batata;1
06/08/2026;Noite;Pão de queijo;1
06/08/2026;Noite;Pão francês;0
06/08/2026;Noite;Sashimi;5
06/08/2026;Noite;Sushi;8
06/08/2026;Noite;Temaki;5
06/08/2026;Noite;Torta de limão;3
07/08/2026;Manhã;Beijinho;4
07/08/2026;Manhã;Bolo de chocolate;4
07/08/2026;Manhã;Brigadeiro;4
07/08/2026;Manhã;Ceviche;3
07/08/2026;Manhã;Coxinha;5
07/08/2026;Manhã;Croissant;9
07/08/2026;Manhã;Enroladinho de presunto e queijo;10
07/08/2026;Manhã;Espetinho de carne;3
07/08/2026;Manhã;Frango assado;0
07/08/2026;Manhã;Frango temperado;2
07/08/2026;Manhã;Hambúrguer artesanal;7
07/08/2026;Manhã;Kafta;9
07/08/2026;Manhã;Lasanha;9
07/08/2026;Manhã;Linguiça artesanal;1
07/08/2026;Manhã;Macarrão à bolonhesa;5
07/08/2026;Manhã;Maki;2
07/08/2026;Manhã;Marmita de arroz e feijão;5
07/08/2026;Manhã;Pudim;5
07/08/2026;Manhã;Purê de batata;5
07/08/2026;Manhã;Pão de queijo;10
07/08/2026;Manhã;Pão francês;5
07/08/2026;Manhã;Sashimi;2
07/08/2026;Manhã;Sushi;1
07/08/2026;Manhã;Temaki;2
07/08/2026;Manhã;Torta de limão;0
07/08/2026;Tarde;Beijinho;4
07/08/2026;Tarde;Bolo de chocolate;4
07/08/2026;Tarde;Brigadeiro;4
07/08/2026;Tarde;Ceviche;5
07/08/2026;Tarde;Coxinha;4
07/08/2026;Tarde;Croissant;4
07/08/2026;Tarde;Enroladinho de presunto e queijo;5
07/08/2026;Tarde;Espetinho de carne;9
07/08/2026;Tarde;Frango assado;9
07/08/2026;Tarde;Frango temperado;10
07/08/2026;Tarde;Hambúrguer artesanal;10
07/08/2026;Tarde;Kafta;9
07/08/2026;Tarde;Lasanha;7
07/08/2026;Tarde;Linguiça artesanal;8
07/08/2026;Tarde;Macarrão à bolonhesa;10
07/08/2026;Tarde;Maki;3
07/08/2026;Tarde;Marmita de arroz e feijão;10
07/08/2026;Tarde;Pudim;3
07/08/2026;Tarde;Purê de batata;10
07/08/2026;Tarde;Pão de queijo;3
07/08/2026;Tarde;Pão francês;6
07/08/2026;Tarde;Sashimi;4
07/08/2026;Tarde;Sushi;2
07/08/2026;Tarde;Temaki;6
07/08/2026;Tarde;Torta de limão;6
07/08/2026;Noite;Beijinho;5
07/08/2026;Noite;Bolo de chocolate;4
07/08/2026;Noite;Brigadeiro;3
07/08/2026;Noite;Ceviche;2
07/08/2026;Noite;Coxinha;6
07/08/2026;Noite;Croissant;5
07/08/2026;Noite;Enroladinho de presunto e queijo;8
07/08/2026;Noite;Espetinho de carne;10
07/08/2026;Noite;Frango assado;6
07/08/2026;Noite;Frango temperado;9
07/08/2026;Noite;Hambúrguer artesanal;10
07/08/2026;Noite;Kafta;8
07/08/2026;Noite;Lasanha;7
07/08/2026;Noite;Linguiça artesanal;10
07/08/2026;Noite;Macarrão à bolonhesa;7
07/08/2026;Noite;Maki;9
07/08/2026;Noite;Marmita de arroz e feijão;7
07/08/2026;Noite;Pudim;3
07/08/2026;Noite;Purê de batata;8
07/08/2026;Noite;Pão de queijo;5
07/08/2026;Noite;Pão francês;4
07/08/2026;Noite;Sashimi;8
07/08/2026;Noite;Sushi;9
07/08/2026;Noite;Temaki;4
07/08/2026;Noite;Torta de limão;6
08/08/2026;Manhã;Beijinho;6
08/08/2026;Manhã;Bolo de chocolate;10
08/08/2026;Manhã;Brigadeiro;6
08/08/2026;Manhã;Ceviche;4
08/08/2026;Manhã;Coxinha;8
08/08/2026;Manhã;Croissant;10
08/08/2026;Manhã;Enroladinho de presunto e queijo;5
08/08/2026;Manhã;Espetinho de carne;5
08/08/2026;Manhã;Frango assado;4
08/08/2026;Manhã;Frango temperado;7
08/08/2026;Manhã;Hambúrguer artesanal;5
08/08/2026;Manhã;Kafta;6
08/08/2026;Manhã;Lasanha;3
08/08/2026;Manhã;Linguiça artesanal;3
08/08/2026;Manhã;Macarrão à bolonhesa;5
08/08/2026;Manhã;Maki;3
08/08/2026;Manhã;Marmita de arroz e feijão;9
08/08/2026;Manhã;Pudim;7
08/08/2026;Manhã;Purê de batata;5
08/08/2026;Manhã;Pão de queijo;10
08/08/2026;Manhã;Pão francês;10
08/08/2026;Manhã;Sashimi;6
08/08/2026;Manhã;Sushi;2
08/08/2026;Manhã;Temaki;4
08/08/2026;Manhã;Torta de limão;8
08/08/2026;Tarde;Beijinho;7
08/08/2026;Tarde;Bolo de chocolate;8
08/08/2026;Tarde;Brigadeiro;10
08/08/2026;Tarde;Ceviche;6
08/08/2026;Tarde;Coxinha;4
08/08/2026;Tarde;Croissant;6
08/08/2026;Tarde;Enroladinho de presunto e queijo;10
08/08/2026;Tarde;Espetinho de carne;5
08/08/2026;Tarde;Frango assado;10
08/08/2026;Tarde;Frango temperado;9
08/08/2026;Tarde;Hambúrguer artesanal;10
08/08/2026;Tarde;Kafta;9
08/08/2026;Tarde;Lasanha;10
08/08/2026;Tarde;Linguiça artesanal;7
08/08/2026;Tarde;Macarrão à bolonhesa;10
08/08/2026;Tarde;Maki;10
08/08/2026;Tarde;Marmita de arroz e feijão;10
08/08/2026;Tarde;Pudim;7
08/08/2026;Tarde;Purê de batata;10
08/08/2026;Tarde;Pão de queijo;6
08/08/2026;Tarde;Pão francês;6
08/08/2026;Tarde;Sashimi;7
08/08/2026;Tarde;Sushi;7
08/08/2026;Tarde;Temaki;10
08/08/2026;Tarde;Torta de limão;9
08/08/2026;Noite;Beijinho;4
08/08/2026;Noite;Bolo de chocolate;3
08/08/2026;Noite;Brigadeiro;7
08/08/2026;Noite;Ceviche;10
08/08/2026;Noite;Coxinha;5
08/08/2026;Noite;Croissant;6
08/08/2026;Noite;Enroladinho de presunto e queijo;7
08/08/2026;Noite;Espetinho de carne;10
08/08/2026;Noite;Frango assado;6
08/08/2026;Noite;Frango temperado;9
08/08/2026;Noite;Hambúrguer artesanal;10
08/08/2026;Noite;Kafta;10
08/08/2026;Noite;Lasanha;2
08/08/2026;Noite;Linguiça artesanal;10
08/08/2026;Noite;Macarrão à bolonhesa;4
08/08/2026;Noite;Maki;8
08/08/2026;Noite;Marmita de arroz e feijão;6
08/08/2026;Noite;Pudim;10
08/08/2026;Noite;Purê de batata;8
08/08/2026;Noite;Pão de queijo;2
08/08/2026;Noite;Pão francês;3
08/08/2026;Noite;Sashimi;10
08/08/2026;Noite;Sushi;8
08/08/2026;Noite;Temaki;10
08/08/2026;Noite;Torta de limão;7
09/08/2026;Manhã;Beijinho;9
09/08/2026;Manhã;Bolo de chocolate;10
09/08/2026;Manhã;Brigadeiro;6
09/08/2026;Manhã;Ceviche;4
09/08/2026;Manhã;Coxinha;10
09/08/2026;Manhã;Croissant;10
09/08/2026;Manhã;Enroladinho de presunto e queijo;10
09/08/2026;Manhã;Espetinho de carne;6
09/08/2026;Manhã;Frango assado;5
09/08/2026;Manhã;Frango temperado;3
09/08/2026;Manhã;Hambúrguer artesanal;6
09/08/2026;Manhã;Kafta;4
09/08/2026;Manhã;Lasanha;2
09/08/2026;Manhã;Linguiça artesanal;4
09/08/2026;Manhã;Macarrão à bolonhesa;9
09/08/2026;Manhã;Maki;2
09/08/2026;Manhã;Marmita de arroz e feijão;3
09/08/2026;Manhã;Pudim;9
09/08/2026;Manhã;Purê de batata;9
09/08/2026;Manhã;Pão de queijo;10
09/08/2026;Manhã;Pão francês;10
09/08/2026;Manhã;Sashimi;9
09/08/2026;Manhã;Sushi;7
09/08/2026;Manhã;Temaki;8
09/08/2026;Manhã;Torta de limão;10
09/08/2026;Tarde;Beijinho;9
09/08/2026;Tarde;Bolo de chocolate;4
09/08/2026;Tarde;Brigadeiro;10
09/08/2026;Tarde;Ceviche;10
09/08/2026;Tarde;Coxinha;10
09/08/2026;Tarde;Croissant;9
09/08/2026;Tarde;Enroladinho de presunto e queijo;10
09/08/2026;Tarde;Espetinho de carne;7
09/08/2026;Tarde;Frango assado;8
09/08/2026;Tarde;Frango temperado;10
09/08/2026;Tarde;Hambúrguer artesanal;10
09/08/2026;Tarde;Kafta;6
09/08/2026;Tarde;Lasanha;10
09/08/2026;Tarde;Linguiça artesanal;7
09/08/2026;Tarde;Macarrão à bolonhesa;10
09/08/2026;Tarde;Maki;7
09/08/2026;Tarde;Marmita de arroz e feijão;10
09/08/2026;Tarde;Pudim;8
09/08/2026;Tarde;Purê de batata;10
09/08/2026;Tarde;Pão de queijo;9
09/08/2026;Tarde;Pão francês;5
09/08/2026;Tarde;Sashimi;10
09/08/2026;Tarde;Sushi;10
09/08/2026;Tarde;Temaki;9
09/08/2026;Tarde;Torta de limão;10
09/08/2026;Noite;Beijinho;6
09/08/2026;Noite;Bolo de chocolate;10
09/08/2026;Noite;Brigadeiro;9
09/08/2026;Noite;Ceviche;10
09/08/2026;Noite;Coxinha;10
09/08/2026;Noite;Croissant;0
09/08/2026;Noite;Enroladinho de presunto e queijo;10
09/08/2026;Noite;Espetinho de carne;10
09/08/2026;Noite;Frango assado;6
09/08/2026;Noite;Frango temperado;10
09/08/2026;Noite;Hambúrguer artesanal;10
09/08/2026;Noite;Kafta;5
09/08/2026;Noite;Lasanha;6
09/08/2026;Noite;Linguiça artesanal;10
09/08/2026;Noite;Macarrão à bolonhesa;9
09/08/2026;Noite;Maki;10
09/08/2026;Noite;Marmita de arroz e feijão;8
09/08/2026;Noite;Pudim;10
09/08/2026;Noite;Purê de batata;6
09/08/2026;Noite;Pão de queijo;1
09/08/2026;Noite;Pão francês;0
09/08/2026;Noite;Sashimi;10
09/08/2026;Noite;Sushi;10
09/08/2026;Noite;Temaki;10
09/08/2026;Noite;Torta de limão;7
10/08/2026;Manhã;Beijinho;5
10/08/2026;Manhã;Bolo de chocolate;4
10/08/2026;Manhã;Brigadeiro;1
10/08/2026;Manhã;Ceviche;2
10/08/2026;Manhã;Coxinha;1
10/08/2026;Manhã;Croissant;3
10/08/2026;Manhã;Enroladinho de presunto e queijo;4
10/08/2026;Manhã;Espetinho de carne;1
10/08/2026;Manhã;Frango assado;1
10/08/2026;Manhã;Frango temperado;7
10/08/2026;Manhã;Hambúrguer artesanal;3
10/08/2026;Manhã;Kafta;10
10/08/2026;Manhã;Lasanha;2
10/08/2026;Manhã;Linguiça artesanal;2
10/08/2026;Manhã;Macarrão à bolonhesa;10
10/08/2026;Manhã;Maki;1
10/08/2026;Manhã;Marmita de arroz e feijão;3
10/08/2026;Manhã;Pudim;5
10/08/2026;Manhã;Purê de batata;5
10/08/2026;Manhã;Pão de queijo;3
10/08/2026;Manhã;Pão francês;7
10/08/2026;Manhã;Sashimi;2
10/08/2026;Manhã;Sushi;3
10/08/2026;Manhã;Temaki;2
10/08/2026;Manhã;Torta de limão;2
10/08/2026;Tarde;Beijinho;1
10/08/2026;Tarde;Bolo de chocolate;1
10/08/2026;Tarde;Brigadeiro;1
10/08/2026;Tarde;Ceviche;0
10/08/2026;Tarde;Coxinha;5
10/08/2026;Tarde;Croissant;2
10/08/2026;Tarde;Enroladinho de presunto e queijo;9
10/08/2026;Tarde;Espetinho de carne;5
10/08/2026;Tarde;Frango assado;10
10/08/2026;Tarde;Frango temperado;8
10/08/2026;Tarde;Hambúrguer artesanal;3
10/08/2026;Tarde;Kafta;5
10/08/2026;Tarde;Lasanha;5
10/08/2026;Tarde;Linguiça artesanal;6
10/08/2026;Tarde;Macarrão à bolonhesa;8
10/08/2026;Tarde;Maki;2
10/08/2026;Tarde;Marmita de arroz e feijão;10
10/08/2026;Tarde;Pudim;4
10/08/2026;Tarde;Purê de batata;10
10/08/2026;Tarde;Pão de queijo;6
10/08/2026;Tarde;Pão francês;4
10/08/2026;Tarde;Sashimi;5
10/08/2026;Tarde;Sushi;2
10/08/2026;Tarde;Temaki;5
10/08/2026;Tarde;Torta de limão;2
10/08/2026;Noite;Beijinho;5
10/08/2026;Noite;Bolo de chocolate;4
10/08/2026;Noite;Brigadeiro;2
10/08/2026;Noite;Ceviche;3
10/08/2026;Noite;Coxinha;5
10/08/2026;Noite;Croissant;0
10/08/2026;Noite;Enroladinho de presunto e queijo;5
10/08/2026;Noite;Espetinho de carne;8
10/08/2026;Noite;Frango assado;3
10/08/2026;Noite;Frango temperado;5
10/08/2026;Noite;Hambúrguer artesanal;10
10/08/2026;Noite;Kafta;10
10/08/2026;Noite;Lasanha;5
10/08/2026;Noite;Linguiça artesanal;10
10/08/2026;Noite;Macarrão à bolonhesa;3
10/08/2026;Noite;Maki;1
10/08/2026;Noite;Marmita de arroz e feijão;7
10/08/2026;Noite;Pudim;4
10/08/2026;Noite;Purê de batata;6
10/08/2026;Noite;Pão de queijo;1
10/08/2026;Noite;Pão francês;3
10/08/2026;Noite;Sashimi;2
10/08/2026;Noite;Sushi;5
10/08/2026;Noite;Temaki;1
10/08/2026;Noite;Torta de limão;5
11/08/2026;Manhã;Beijinho;3
11/08/2026;Manhã;Bolo de chocolate;3
11/08/2026;Manhã;Brigadeiro;0
11/08/2026;Manhã;Ceviche;1
11/08/2026;Manhã;Coxinha;4
11/08/2026;Manhã;Croissant;10
11/08/2026;Manhã;Enroladinho de presunto e queijo;6
11/08/2026;Manhã;Espetinho de carne;1
11/08/2026;Manhã;Frango assado;2
11/08/2026;Manhã;Frango temperado;1
11/08/2026;Manhã;Hambúrguer artesanal;3
11/08/2026;Manhã;Kafta;4
11/08/2026;Manhã;Lasanha;0
11/08/2026;Manhã;Linguiça artesanal;3
11/08/2026;Manhã;Macarrão à bolonhesa;5
11/08/2026;Manhã;Maki;0
11/08/2026;Manhã;Marmita de arroz e feijão;6
11/08/2026;Manhã;Pudim;2
11/08/2026;Manhã;Purê de batata;1
11/08/2026;Manhã;Pão de queijo;4
11/08/2026;Manhã;Pão francês;8
11/08/2026;Manhã;Sashimi;0
11/08/2026;Manhã;Sushi;1
11/08/2026;Manhã;Temaki;1
11/08/2026;Manhã;Torta de limão;1
11/08/2026;Tarde;Beijinho;3
11/08/2026;Tarde;Bolo de chocolate;0
11/08/2026;Tarde;Brigadeiro;2
11/08/2026;Tarde;Ceviche;1
11/08/2026;Tarde;Coxinha;3
11/08/2026;Tarde;Croissant;1
11/08/2026;Tarde;Enroladinho de presunto e queijo;4
11/08/2026;Tarde;Espetinho de carne;6
11/08/2026;Tarde;Frango assado;10
11/08/2026;Tarde;Frango temperado;10
11/08/2026;Tarde;Hambúrguer artesanal;4
11/08/2026;Tarde;Kafta;6
11/08/2026;Tarde;Lasanha;10
11/08/2026;Tarde;Linguiça artesanal;3
11/08/2026;Tarde;Macarrão à bolonhesa;8
11/08/2026;Tarde;Maki;4
11/08/2026;Tarde;Marmita de arroz e feijão;7
11/08/2026;Tarde;Pudim;1
11/08/2026;Tarde;Purê de batata;5
11/08/2026;Tarde;Pão de queijo;3
11/08/2026;Tarde;Pão francês;5
11/08/2026;Tarde;Sashimi;2
11/08/2026;Tarde;Sushi;2
11/08/2026;Tarde;Temaki;2
11/08/2026;Tarde;Torta de limão;1
11/08/2026;Noite;Beijinho;3
11/08/2026;Noite;Bolo de chocolate;5
11/08/2026;Noite;Brigadeiro;0
11/08/2026;Noite;Ceviche;6
11/08/2026;Noite;Coxinha;5
11/08/2026;Noite;Croissant;4
11/08/2026;Noite;Enroladinho de presunto e queijo;3
11/08/2026;Noite;Espetinho de carne;10
11/08/2026;Noite;Frango assado;6
11/08/2026;Noite;Frango temperado;3
11/08/2026;Noite;Hambúrguer artesanal;7
11/08/2026;Noite;Kafta;9
11/08/2026;Noite;Lasanha;6
11/08/2026;Noite;Linguiça artesanal;7
11/08/2026;Noite;Macarrão à bolonhesa;2
11/08/2026;Noite;Maki;5
11/08/2026;Noite;Marmita de arroz e feijão;5
11/08/2026;Noite;Pudim;3
11/08/2026;Noite;Purê de batata;8
11/08/2026;Noite;Pão de queijo;2
11/08/2026;Noite;Pão francês;2
11/08/2026;Noite;Sashimi;3
11/08/2026;Noite;Sushi;7
11/08/2026;Noite;Temaki;4
11/08/2026;Noite;Torta de limão;0
12/08/2026;Manhã;Beijinho;3
12/08/2026;Manhã;Bolo de chocolate;4
12/08/2026;Manhã;Brigadeiro;3
12/08/2026;Manhã;Ceviche;1
12/08/2026;Manhã;Coxinha;0
12/08/2026;Manhã;Croissant;7
12/08/2026;Manhã;Enroladinho de presunto e queijo;3
12/08/2026;Manhã;Espetinho de carne;3
12/08/2026;Manhã;Frango assado;2
12/08/2026;Manhã;Frango temperado;1
12/08/2026;Manhã;Hambúrguer artesanal;5
12/08/2026;Manhã;Kafta;3
12/08/2026;Manhã;Lasanha;2
12/08/2026;Manhã;Linguiça artesanal;4
12/08/2026;Manhã;Macarrão à bolonhesa;2
12/08/2026;Manhã;Maki;0
12/08/2026;Manhã;Marmita de arroz e feijão;0
12/08/2026;Manhã;Pudim;2
12/08/2026;Manhã;Purê de batata;2
12/08/2026;Manhã;Pão de queijo;2
12/08/2026;Manhã;Pão francês;8
12/08/2026;Manhã;Sashimi;1
12/08/2026;Manhã;Sushi;1
12/08/2026;Manhã;Temaki;0
12/08/2026;Manhã;Torta de limão;1
12/08/2026;Tarde;Beijinho;0
12/08/2026;Tarde;Bolo de chocolate;2
12/08/2026;Tarde;Brigadeiro;4
12/08/2026;Tarde;Ceviche;3
12/08/2026;Tarde;Coxinha;4
12/08/2026;Tarde;Croissant;5
12/08/2026;Tarde;Enroladinho de presunto e queijo;3
12/08/2026;Tarde;Espetinho de carne;8
12/08/2026;Tarde;Frango assado;10
12/08/2026;Tarde;Frango temperado;8
12/08/2026;Tarde;Hambúrguer artesanal;6
12/08/2026;Tarde;Kafta;3
12/08/2026;Tarde;Lasanha;6
12/08/2026;Tarde;Linguiça artesanal;3
12/08/2026;Tarde;Macarrão à bolonhesa;10
12/08/2026;Tarde;Maki;0
12/08/2026;Tarde;Marmita de arroz e feijão;10
12/08/2026;Tarde;Pudim;0
12/08/2026;Tarde;Purê de batata;6
12/08/2026;Tarde;Pão de queijo;2
12/08/2026;Tarde;Pão francês;2
12/08/2026;Tarde;Sashimi;1
12/08/2026;Tarde;Sushi;3
12/08/2026;Tarde;Temaki;1
12/08/2026;Tarde;Torta de limão;6
12/08/2026;Noite;Beijinho;1
12/08/2026;Noite;Bolo de chocolate;3
12/08/2026;Noite;Brigadeiro;4
12/08/2026;Noite;Ceviche;5
12/08/2026;Noite;Coxinha;6
12/08/2026;Noite;Croissant;1
12/08/2026;Noite;Enroladinho de presunto e queijo;2
12/08/2026;Noite;Espetinho de carne;7
12/08/2026;Noite;Frango assado;6
12/08/2026;Noite;Frango temperado;3
12/08/2026;Noite;Hambúrguer artesanal;6
12/08/2026;Noite;Kafta;8
12/08/2026;Noite;Lasanha;4
12/08/2026;Noite;Linguiça artesanal;10
12/08/2026;Noite;Macarrão à bolonhesa;5
12/08/2026;Noite;Maki;6
12/08/2026;Noite;Marmita de arroz e feijão;3
12/08/2026;Noite;Pudim;3
12/08/2026;Noite;Purê de batata;7
12/08/2026;Noite;Pão de queijo;1
12/08/2026;Noite;Pão francês;3
12/08/2026;Noite;Sashimi;6
12/08/2026;Noite;Sushi;6
12/08/2026;Noite;Temaki;3
12/08/2026;Noite;Torta de limão;1
13/08/2026;Manhã;Beijinho;1
13/08/2026;Manhã;Bolo de chocolate;3
13/08/2026;Manhã;Brigadeiro;3
13/08/2026;Manhã;Ceviche;0
13/08/2026;Manhã;Coxinha;3
13/08/2026;Manhã;Croissant;8
13/08/2026;Manhã;Enroladinho de presunto e queijo;4
13/08/2026;Manhã;Espetinho de carne;0
13/08/2026;Manhã;Frango assado;1
13/08/2026;Manhã;Frango temperado;0
13/08/2026;Manhã;Hambúrguer artesanal;0
13/08/2026;Manhã;Kafta;0
13/08/2026;Manhã;Lasanha;4
13/08/2026;Manhã;Linguiça artesanal;0
13/08/2026;Manhã;Macarrão à bolonhesa;4
13/08/2026;Manhã;Maki;2
13/08/2026;Manhã;Marmita de arroz e feijão;4
13/08/2026;Manhã;Pudim;2
13/08/2026;Manhã;Purê de batata;1
13/08/2026;Manhã;Pão de queijo;2
13/08/2026;Manhã;Pão francês;3
13/08/2026;Manhã;Sashimi;0
13/08/2026;Manhã;Sushi;0
13/08/2026;Manhã;Temaki;1
13/08/2026;Manhã;Torta de limão;1
13/08/2026;Tarde;Beijinho;5
13/08/2026;Tarde;Bolo de chocolate;3
13/08/2026;Tarde;Brigadeiro;2
13/08/2026;Tarde;Ceviche;2
13/08/2026;Tarde;Coxinha;1
13/08/2026;Tarde;Croissant;2
13/08/2026;Tarde;Enroladinho de presunto e queijo;4
13/08/2026;Tarde;Espetinho de carne;4
13/08/2026;Tarde;Frango assado;6
13/08/2026;Tarde;Frango temperado;4
13/08/2026;Tarde;Hambúrguer artesanal;1
13/08/2026;Tarde;Kafta;5
13/08/2026;Tarde;Lasanha;6
13/08/2026;Tarde;Linguiça artesanal;4
13/08/2026;Tarde;Macarrão à bolonhesa;7
13/08/2026;Tarde;Maki;5
13/08/2026;Tarde;Marmita de arroz e feijão;10
13/08/2026;Tarde;Pudim;3
13/08/2026;Tarde;Purê de batata;10
13/08/2026;Tarde;Pão de queijo;0
13/08/2026;Tarde;Pão francês;2
13/08/2026;Tarde;Sashimi;4
13/08/2026;Tarde;Sushi;2
13/08/2026;Tarde;Temaki;4
13/08/2026;Tarde;Torta de limão;5
13/08/2026;Noite;Beijinho;1
13/08/2026;Noite;Bolo de chocolate;0
13/08/2026;Noite;Brigadeiro;1
13/08/2026;Noite;Ceviche;6
13/08/2026;Noite;Coxinha;3
13/08/2026;Noite;Croissant;1
13/08/2026;Noite;Enroladinho de presunto e queijo;1
13/08/2026;Noite;Espetinho de carne;9
13/08/2026;Noite;Frango assado;1
13/08/2026;Noite;Frango temperado;1
13/08/2026;Noite;Hambúrguer artesanal;9
13/08/2026;Noite;Kafta;9
13/08/2026;Noite;Lasanha;6
13/08/2026;Noite;Linguiça artesanal;5
13/08/2026;Noite;Macarrão à bolonhesa;7
13/08/2026;Noite;Maki;1
13/08/2026;Noite;Marmita de arroz e feijão;3
13/08/2026;Noite;Pudim;1
13/08/2026;Noite;Purê de batata;4
13/08/2026;Noite;Pão de queijo;2
13/08/2026;Noite;Pão francês;0
13/08/2026;Noite;Sashimi;4
13/08/2026;Noite;Sushi;4
13/08/2026;Noite;Temaki;1
13/08/2026;Noite;Torta de limão;1
14/08/2026;Manhã;Beijinho;3
14/08/2026;Manhã;Bolo de chocolate;3
14/08/2026;Manhã;Brigadeiro;2
14/08/2026;Manhã;Ceviche;3
14/08/2026;Manhã;Coxinha;4
14/08/2026;Manhã;Croissant;10
14/08/2026;Manhã;Enroladinho de presunto e queijo;6
14/08/2026;Manhã;Espetinho de carne;4
14/08/2026;Manhã;Frango assado;3
14/08/2026;Manhã;Frango temperado;4
14/08/2026;Manhã;Hambúrguer artesanal;4
14/08/2026;Manhã;Kafta;5
14/08/2026;Manhã;Lasanha;2
14/08/2026;Manhã;Linguiça artesanal;1
14/08/2026;Manhã;Macarrão à bolonhesa;3
14/08/2026;Manhã;Maki;3
14/08/2026;Manhã;Marmita de arroz e feijão;5
14/08/2026;Manhã;Pudim;1
14/08/2026;Manhã;Purê de batata;3
14/08/2026;Manhã;Pão de queijo;5
14/08/2026;Manhã;Pão francês;6
14/08/2026;Manhã;Sashimi;3
14/08/2026;Manhã;Sushi;3
14/08/2026;Manhã;Temaki;1
14/08/2026;Manhã;Torta de limão;1
14/08/2026;Tarde;Beijinho;3
14/08/2026;Tarde;Bolo de chocolate;5
14/08/2026;Tarde;Brigadeiro;2
14/08/2026;Tarde;Ceviche;7
14/08/2026;Tarde;Coxinha;3
14/08/2026;Tarde;Croissant;0
14/08/2026;Tarde;Enroladinho de presunto e queijo;4
14/08/2026;Tarde;Espetinho de carne;3
14/08/2026;Tarde;Frango assado;7
14/08/2026;Tarde;Frango temperado;10
14/08/2026;Tarde;Hambúrguer artesanal;3
14/08/2026;Tarde;Kafta;6
14/08/2026;Tarde;Lasanha;6
14/08/2026;Tarde;Linguiça artesanal;10
14/08/2026;Tarde;Macarrão à bolonhesa;10
14/08/2026;Tarde;Maki;2
14/08/2026;Tarde;Marmita de arroz e feijão;8
14/08/2026;Tarde;Pudim;6
14/08/2026;Tarde;Purê de batata;10
14/08/2026;Tarde;Pão de queijo;3
14/08/2026;Tarde;Pão francês;5
14/08/2026;Tarde;Sashimi;1
14/08/2026;Tarde;Sushi;2
14/08/2026;Tarde;Temaki;2
14/08/2026;Tarde;Torta de limão;1
14/08/2026;Noite;Beijinho;1
14/08/2026;Noite;Bolo de chocolate;8
14/08/2026;Noite;Brigadeiro;1
14/08/2026;Noite;Ceviche;4
14/08/2026;Noite;Coxinha;4
14/08/2026;Noite;Croissant;2
14/08/2026;Noite;Enroladinho de presunto e queijo;9
14/08/2026;Noite;Espetinho de carne;10
14/08/2026;Noite;Frango assado;2
14/08/2026;Noite;Frango temperado;5
14/08/2026;Noite;Hambúrguer artesanal;7
14/08/2026;Noite;Kafta;6
14/08/2026;Noite;Lasanha;7
14/08/2026;Noite;Linguiça artesanal;7
14/08/2026;Noite;Macarrão à bolonhesa;6
14/08/2026;Noite;Maki;3
14/08/2026;Noite;Marmita de arroz e feijão;4
14/08/2026;Noite;Pudim;5
14/08/2026;Noite;Purê de batata;5
14/08/2026;Noite;Pão de queijo;0
14/08/2026;Noite;Pão francês;2
14/08/2026;Noite;Sashimi;5
14/08/2026;Noite;Sushi;4
14/08/2026;Noite;Temaki;3
14/08/2026;Noite;Torta de limão;3
15/08/2026;Manhã;Beijinho;4
15/08/2026;Manhã;Bolo de chocolate;5
15/08/2026;Manhã;Brigadeiro;1
15/08/2026;Manhã;Ceviche;3
15/08/2026;Manhã;Coxinha;5
15/08/2026;Manhã;Croissant;8
15/08/2026;Manhã;Enroladinho de presunto e queijo;7
15/08/2026;Manhã;Espetinho de carne;0
15/08/2026;Manhã;Frango assado;0
15/08/2026;Manhã;Frango temperado;5
15/08/2026;Manhã;Hambúrguer artesanal;1
15/08/2026;Manhã;Kafta;2
15/08/2026;Manhã;Lasanha;2
15/08/2026;Manhã;Linguiça artesanal;3
15/08/2026;Manhã;Macarrão à bolonhesa;5
15/08/2026;Manhã;Maki;3
15/08/2026;Manhã;Marmita de arroz e feijão;3
15/08/2026;Manhã;Pudim;0
15/08/2026;Manhã;Purê de batata;1
15/08/2026;Manhã;Pão de queijo;10
15/08/2026;Manhã;Pão francês;8
15/08/2026;Manhã;Sashimi;3
15/08/2026;Manhã;Sushi;1
15/08/2026;Manhã;Temaki;4
15/08/2026;Manhã;Torta de limão;3
15/08/2026;Tarde;Beijinho;5
15/08/2026;Tarde;Bolo de chocolate;2
15/08/2026;Tarde;Brigadeiro;7
15/08/2026;Tarde;Ceviche;4
15/08/2026;Tarde;Coxinha;3
15/08/2026;Tarde;Croissant;2
15/08/2026;Tarde;Enroladinho de presunto e queijo;4
15/08/2026;Tarde;Espetinho de carne;8
15/08/2026;Tarde;Frango assado;8
15/08/2026;Tarde;Frango temperado;3
15/08/2026;Tarde;Hambúrguer artesanal;9
15/08/2026;Tarde;Kafta;5
15/08/2026;Tarde;Lasanha;6
15/08/2026;Tarde;Linguiça artesanal;9
15/08/2026;Tarde;Macarrão à bolonhesa;6
15/08/2026;Tarde;Maki;6
15/08/2026;Tarde;Marmita de arroz e feijão;10
15/08/2026;Tarde;Pudim;4
15/08/2026;Tarde;Purê de batata;6
15/08/2026;Tarde;Pão de queijo;1
15/08/2026;Tarde;Pão francês;3
15/08/2026;Tarde;Sashimi;3
15/08/2026;Tarde;Sushi;3
15/08/2026;Tarde;Temaki;5
15/08/2026;Tarde;Torta de limão;6
15/08/2026;Noite;Beijinho;5
15/08/2026;Noite;Bolo de chocolate;6
15/08/2026;Noite;Brigadeiro;6
15/08/2026;Noite;Ceviche;10
15/08/2026;Noite;Coxinha;1
15/08/2026;Noite;Croissant;2
15/08/2026;Noite;Enroladinho de presunto e queijo;5
15/08/2026;Noite;Espetinho de carne;10
15/08/2026;Noite;Frango assado;8
15/08/2026;Noite;Frango temperado;6
15/08/2026;Noite;Hambúrguer artesanal;7
15/08/2026;Noite;Kafta;8
15/08/2026;Noite;Lasanha;6
15/08/2026;Noite;Linguiça artesanal;10
15/08/2026;Noite;Macarrão à bolonhesa;2
15/08/2026;Noite;Maki;9
15/08/2026;Noite;Marmita de arroz e feijão;3
15/08/2026;Noite;Pudim;4
15/08/2026;Noite;Purê de batata;4
15/08/2026;Noite;Pão de queijo;2
15/08/2026;Noite;Pão francês;7
15/08/2026;Noite;Sashimi;2
15/08/2026;Noite;Sushi;7
15/08/2026;Noite;Temaki;5
15/08/2026;Noite;Torta de limão;7
16/08/2026;Manhã;Beijinho;3
16/08/2026;Manhã;Bolo de chocolate;1
16/08/2026;Manhã;Brigadeiro;1
16/08/2026;Manhã;Ceviche;1
16/08/2026;Manhã;Coxinha;4
16/08/2026;Manhã;Croissant;4
16/08/2026;Manhã;Enroladinho de presunto e queijo;6
16/08/2026;Manhã;Espetinho de carne;0
16/08/2026;Manhã;Frango assado;3
16/08/2026;Manhã;Frango temperado;2
16/08/2026;Manhã;Hambúrguer artesanal;3
16/08/2026;Manhã;Kafta;10
16/08/2026;Manhã;Lasanha;2
16/08/2026;Manhã;Linguiça artesanal;2
16/08/2026;Manhã;Macarrão à bolonhesa;2
16/08/2026;Manhã;Maki;1
16/08/2026;Manhã;Marmita de arroz e feijão;3
16/08/2026;Manhã;Pudim;3
16/08/2026;Manhã;Purê de batata;5
16/08/2026;Manhã;Pão de queijo;6
16/08/2026;Manhã;Pão francês;6
16/08/2026;Manhã;Sashimi;4
16/08/2026;Manhã;Sushi;2
16/08/2026;Manhã;Temaki;0
16/08/2026;Manhã;Torta de limão;2
16/08/2026;Tarde;Beijinho;2
16/08/2026;Tarde;Bolo de chocolate;7
16/08/2026;Tarde;Brigadeiro;2
16/08/2026;Tarde;Ceviche;3
16/08/2026;Tarde;Coxinha;8
16/08/2026;Tarde;Croissant;3
16/08/2026;Tarde;Enroladinho de presunto e queijo;1
16/08/2026;Tarde;Espetinho de carne;9
16/08/2026;Tarde;Frango assado;7
16/08/2026;Tarde;Frango temperado;10
16/08/2026;Tarde;Hambúrguer artesanal;4
16/08/2026;Tarde;Kafta;3
16/08/2026;Tarde;Lasanha;8
16/08/2026;Tarde;Linguiça artesanal;5
16/08/2026;Tarde;Macarrão à bolonhesa;10
16/08/2026;Tarde;Maki;1
16/08/2026;Tarde;Marmita de arroz e feijão;10
16/08/2026;Tarde;Pudim;2
16/08/2026;Tarde;Purê de batata;10
16/08/2026;Tarde;Pão de queijo;7
16/08/2026;Tarde;Pão francês;5
16/08/2026;Tarde;Sashimi;1
16/08/2026;Tarde;Sushi;0
16/08/2026;Tarde;Temaki;5
16/08/2026;Tarde;Torta de limão;4
16/08/2026;Noite;Beijinho;1
16/08/2026;Noite;Bolo de chocolate;1
16/08/2026;Noite;Brigadeiro;6
16/08/2026;Noite;Ceviche;6
16/08/2026;Noite;Coxinha;2
16/08/2026;Noite;Croissant;3
16/08/2026;Noite;Enroladinho de presunto e queijo;8
16/08/2026;Noite;Espetinho de carne;9
16/08/2026;Noite;Frango assado;7
16/08/2026;Noite;Frango temperado;9
16/08/2026;Noite;Hambúrguer artesanal;10
16/08/2026;Noite;Kafta;10
16/08/2026;Noite;Lasanha;6
16/08/2026;Noite;Linguiça artesanal;9
16/08/2026;Noite;Macarrão à bolonhesa;4
16/08/2026;Noite;Maki;4
16/08/2026;Noite;Marmita de arroz e feijão;5
16/08/2026;Noite;Pudim;2
16/08/2026;Noite;Purê de batata;8
16/08/2026;Noite;Pão de queijo;3
16/08/2026;Noite;Pão francês;3
16/08/2026;Noite;Sashimi;5
16/08/2026;Noite;Sushi;4
16/08/2026;Noite;Temaki;5
16/08/2026;Noite;Torta de limão;3
17/08/2026;Manhã;Beijinho;4
17/08/2026;Manhã;Bolo de chocolate;1
17/08/2026;Manhã;Brigadeiro;2
17/08/2026;Manhã;Ceviche;0
17/08/2026;Manhã;Coxinha;4
17/08/2026;Manhã;Croissant;3
17/08/2026;Manhã;Enroladinho de presunto e queijo;2
17/08/2026;Manhã;Espetinho de carne;2
17/08/2026;Manhã;Frango assado;2
17/08/2026;Manhã;Frango temperado;3
17/08/2026;Manhã;Hambúrguer artesanal;2
17/08/2026;Manhã;Kafta;2
17/08/2026;Manhã;Lasanha;0
17/08/2026;Manhã;Linguiça artesanal;2
17/08/2026;Manhã;Macarrão à bolonhesa;1
17/08/2026;Manhã;Maki;0
17/08/2026;Manhã;Marmita de arroz e feijão;2
17/08/2026;Manhã;Pudim;3
17/08/2026;Manhã;Purê de batata;2
17/08/2026;Manhã;Pão de queijo;2
17/08/2026;Manhã;Pão francês;4
17/08/2026;Manhã;Sashimi;0
17/08/2026;Manhã;Sushi;0
17/08/2026;Manhã;Temaki;1
17/08/2026;Manhã;Torta de limão;2
17/08/2026;Tarde;Beijinho;1
17/08/2026;Tarde;Bolo de chocolate;1
17/08/2026;Tarde;Brigadeiro;4
17/08/2026;Tarde;Ceviche;2
17/08/2026;Tarde;Coxinha;2
17/08/2026;Tarde;Croissant;1
17/08/2026;Tarde;Enroladinho de presunto e queijo;2
17/08/2026;Tarde;Espetinho de carne;3
17/08/2026;Tarde;Frango assado;5
17/08/2026;Tarde;Frango temperado;8
17/08/2026;Tarde;Hambúrguer artesanal;4
17/08/2026;Tarde;Kafta;7
17/08/2026;Tarde;Lasanha;4
17/08/2026;Tarde;Linguiça artesanal;6
17/08/2026;Tarde;Macarrão à bolonhesa;3
17/08/2026;Tarde;Maki;2
17/08/2026;Tarde;Marmita de arroz e feijão;3
17/08/2026;Tarde;Pudim;1
17/08/2026;Tarde;Purê de batata;8
17/08/2026;Tarde;Pão de queijo;0
17/08/2026;Tarde;Pão francês;4
17/08/2026;Tarde;Sashimi;2
17/08/2026;Tarde;Sushi;7
17/08/2026;Tarde;Temaki;0
17/08/2026;Tarde;Torta de limão;0
17/08/2026;Noite;Beijinho;1
17/08/2026;Noite;Bolo de chocolate;2
17/08/2026;Noite;Brigadeiro;1
17/08/2026;Noite;Ceviche;4
17/08/2026;Noite;Coxinha;4
17/08/2026;Noite;Croissant;2
17/08/2026;Noite;Enroladinho de presunto e queijo;0
17/08/2026;Noite;Espetinho de carne;7
17/08/2026;Noite;Frango assado;4
17/08/2026;Noite;Frango temperado;4
17/08/2026;Noite;Hambúrguer artesanal;5
17/08/2026;Noite;Kafta;4
17/08/2026;Noite;Lasanha;4
17/08/2026;Noite;Linguiça artesanal;2
17/08/2026;Noite;Macarrão à bolonhesa;5
17/08/2026;Noite;Maki;2
17/08/2026;Noite;Marmita de arroz e feijão;4
17/08/2026;Noite;Pudim;1
17/08/2026;Noite;Purê de batata;5
17/08/2026;Noite;Pão de queijo;0
17/08/2026;Noite;Pão francês;2
17/08/2026;Noite;Sashimi;1
17/08/2026;Noite;Sushi;0
17/08/2026;Noite;Temaki;2
17/08/2026;Noite;Torta de limão;0
18/08/2026;Manhã;Beijinho;2
18/08/2026;Manhã;Bolo de chocolate;3
18/08/2026;Manhã;Brigadeiro;2
18/08/2026;Manhã;Ceviche;0
18/08/2026;Manhã;Coxinha;3
18/08/2026;Manhã;Croissant;6
18/08/2026;Manhã;Enroladinho de presunto e queijo;1
18/08/2026;Manhã;Espetinho de carne;0
18/08/2026;Manhã;Frango assado;1
18/08/2026;Manhã;Frango temperado;1
18/08/2026;Manhã;Hambúrguer artesanal;0
18/08/2026;Manhã;Kafta;0
18/08/2026;Manhã;Lasanha;1
18/08/2026;Manhã;Linguiça artesanal;0
18/08/2026;Manhã;Macarrão à bolonhesa;3
18/08/2026;Manhã;Maki;2
18/08/2026;Manhã;Marmita de arroz e feijão;0
18/08/2026;Manhã;Pudim;0
18/08/2026;Manhã;Purê de batata;0
18/08/2026;Manhã;Pão de queijo;3
18/08/2026;Manhã;Pão francês;2
18/08/2026;Manhã;Sashimi;5
18/08/2026;Manhã;Sushi;0
18/08/2026;Manhã;Temaki;0
18/08/2026;Manhã;Torta de limão;1
18/08/2026;Tarde;Beijinho;5
18/08/2026;Tarde;Bolo de chocolate;0
18/08/2026;Tarde;Brigadeiro;5
18/08/2026;Tarde;Ceviche;1
18/08/2026;Tarde;Coxinha;1
18/08/2026;Tarde;Croissant;2
18/08/2026;Tarde;Enroladinho de presunto e queijo;1
18/08/2026;Tarde;Espetinho de carne;1
18/08/2026;Tarde;Frango assado;4
18/08/2026;Tarde;Frango temperado;7
18/08/2026;Tarde;Hambúrguer artesanal;2
18/08/2026;Tarde;Kafta;2
18/08/2026;Tarde;Lasanha;2
18/08/2026;Tarde;Linguiça artesanal;2
18/08/2026;Tarde;Macarrão à bolonhesa;4
18/08/2026;Tarde;Maki;2
18/08/2026;Tarde;Marmita de arroz e feijão;4
18/08/2026;Tarde;Pudim;2
18/08/2026;Tarde;Purê de batata;3
18/08/2026;Tarde;Pão de queijo;0
18/08/2026;Tarde;Pão francês;3
18/08/2026;Tarde;Sashimi;2
18/08/2026;Tarde;Sushi;4
18/08/2026;Tarde;Temaki;3
18/08/2026;Tarde;Torta de limão;2
18/08/2026;Noite;Beijinho;4
18/08/2026;Noite;Bolo de chocolate;1
18/08/2026;Noite;Brigadeiro;3
18/08/2026;Noite;Ceviche;0
18/08/2026;Noite;Coxinha;1
18/08/2026;Noite;Croissant;0
18/08/2026;Noite;Enroladinho de presunto e queijo;0
18/08/2026;Noite;Espetinho de carne;3
18/08/2026;Noite;Frango assado;1
18/08/2026;Noite;Frango temperado;0
18/08/2026;Noite;Hambúrguer artesanal;3
18/08/2026;Noite;Kafta;3
18/08/2026;Noite;Lasanha;0
18/08/2026;Noite;Linguiça artesanal;5
18/08/2026;Noite;Macarrão à bolonhesa;0
18/08/2026;Noite;Maki;0
18/08/2026;Noite;Marmita de arroz e feijão;3
18/08/2026;Noite;Pudim;0
18/08/2026;Noite;Purê de batata;0
18/08/2026;Noite;Pão de queijo;1
18/08/2026;Noite;Pão francês;3
18/08/2026;Noite;Sashimi;5
18/08/2026;Noite;Sushi;2
18/08/2026;Noite;Temaki;2
18/08/2026;Noite;Torta de limão;4
19/08/2026;Manhã;Beijinho;5
19/08/2026;Manhã;Bolo de chocolate;3
19/08/2026;Manhã;Brigadeiro;1
19/08/2026;Manhã;Ceviche;0
19/08/2026;Manhã;Coxinha;4
19/08/2026;Manhã;Croissant;3
19/08/2026;Manhã;Enroladinho de presunto e queijo;2
19/08/2026;Manhã;Espetinho de carne;0
19/08/2026;Manhã;Frango assado;2
19/08/2026;Manhã;Frango temperado;1
19/08/2026;Manhã;Hambúrguer artesanal;2
19/08/2026;Manhã;Kafta;1
19/08/2026;Manhã;Lasanha;2
19/08/2026;Manhã;Linguiça artesanal;1
19/08/2026;Manhã;Macarrão à bolonhesa;0
19/08/2026;Manhã;Maki;1
19/08/2026;Manhã;Marmita de arroz e feijão;2
19/08/2026;Manhã;Pudim;2
19/08/2026;Manhã;Purê de batata;1
19/08/2026;Manhã;Pão de queijo;2
19/08/2026;Manhã;Pão francês;2
19/08/2026;Manhã;Sashimi;3
19/08/2026;Manhã;Sushi;0
19/08/2026;Manhã;Temaki;2
19/08/2026;Manhã;Torta de limão;2
19/08/2026;Tarde;Beijinho;3
19/08/2026;Tarde;Bolo de chocolate;1
19/08/2026;Tarde;Brigadeiro;2
19/08/2026;Tarde;Ceviche;2
19/08/2026;Tarde;Coxinha;1
19/08/2026;Tarde;Croissant;0
19/08/2026;Tarde;Enroladinho de presunto e queijo;1
19/08/2026;Tarde;Espetinho de carne;0
19/08/2026;Tarde;Frango assado;6
19/08/2026;Tarde;Frango temperado;4
19/08/2026;Tarde;Hambúrguer artesanal;1
19/08/2026;Tarde;Kafta;3
19/08/2026;Tarde;Lasanha;5
19/08/2026;Tarde;Linguiça artesanal;1
19/08/2026;Tarde;Macarrão à bolonhesa;4
19/08/2026;Tarde;Maki;5
19/08/2026;Tarde;Marmita de arroz e feijão;2
19/08/2026;Tarde;Pudim;0
19/08/2026;Tarde;Purê de batata;2
19/08/2026;Tarde;Pão de queijo;1
19/08/2026;Tarde;Pão francês;2
19/08/2026;Tarde;Sashimi;4
19/08/2026;Tarde;Sushi;0
19/08/2026;Tarde;Temaki;1
19/08/2026;Tarde;Torta de limão;1
19/08/2026;Noite;Beijinho;2
19/08/2026;Noite;Bolo de chocolate;1
19/08/2026;Noite;Brigadeiro;3
19/08/2026;Noite;Ceviche;6
19/08/2026;Noite;Coxinha;5
19/08/2026;Noite;Croissant;1
19/08/2026;Noite;Enroladinho de presunto e queijo;1
19/08/2026;Noite;Espetinho de carne;4
19/08/2026;Noite;Frango assado;0
19/08/2026;Noite;Frango temperado;3
19/08/2026;Noite;Hambúrguer artesanal;6
19/08/2026;Noite;Kafta;3
19/08/2026;Noite;Lasanha;1
19/08/2026;Noite;Linguiça artesanal;3
19/08/2026;Noite;Macarrão à bolonhesa;3
19/08/2026;Noite;Maki;6
19/08/2026;Noite;Marmita de arroz e feijão;0
19/08/2026;Noite;Pudim;2
19/08/2026;Noite;Purê de batata;2
19/08/2026;Noite;Pão de queijo;1
19/08/2026;Noite;Pão francês;0
19/08/2026;Noite;Sashimi;2
19/08/2026;Noite;Sushi;3
19/08/2026;Noite;Temaki;1
19/08/2026;Noite;Torta de limão;2
20/08/2026;Manhã;Beijinho;5
20/08/2026;Manhã;Bolo de chocolate;8
20/08/2026;Manhã;Brigadeiro;7
20/08/2026;Manhã;Ceviche;2
20/08/2026;Manhã;Coxinha;7
20/08/2026;Manhã;Croissant;9
20/08/2026;Manhã;Enroladinho de presunto e queijo;4
20/08/2026;Manhã;Espetinho de carne;2
20/08/2026;Manhã;Frango assado;4
20/08/2026;Manhã;Frango temperado;5
20/08/2026;Manhã;Hambúrguer artesanal;2
20/08/2026;Manhã;Kafta;1
20/08/2026;Manhã;Lasanha;2
20/08/2026;Manhã;Linguiça artesanal;3
20/08/2026;Manhã;Macarrão à bolonhesa;3
20/08/2026;Manhã;Maki;1
20/08/2026;Manhã;Marmita de arroz e feijão;4
20/08/2026;Manhã;Pudim;5
20/08/2026;Manhã;Purê de batata;3
20/08/2026;Manhã;Pão de queijo;5
20/08/2026;Manhã;Pão francês;7
20/08/2026;Manhã;Sashimi;2
20/08/2026;Manhã;Sushi;2
20/08/2026;Manhã;Temaki;4
20/08/2026;Manhã;Torta de limão;7
20/08/2026;Tarde;Beijinho;5
20/08/2026;Tarde;Bolo de chocolate;4
20/08/2026;Tarde;Brigadeiro;4
20/08/2026;Tarde;Ceviche;2
20/08/2026;Tarde;Coxinha;4
20/08/2026;Tarde;Croissant;2
20/08/2026;Tarde;Enroladinho de presunto e queijo;5
20/08/2026;Tarde;Espetinho de carne;6
20/08/2026;Tarde;Frango assado;8
20/08/2026;Tarde;Frango temperado;10
20/08/2026;Tarde;Hambúrguer artesanal;4
20/08/2026;Tarde;Kafta;4
20/08/2026;Tarde;Lasanha;10
20/08/2026;Tarde;Linguiça artesanal;5
20/08/2026;Tarde;Macarrão à bolonhesa;8
20/08/2026;Tarde;Maki;2
20/08/2026;Tarde;Marmita de arroz e feijão;9
20/08/2026;Tarde;Pudim;2
20/08/2026;Tarde;Purê de batata;10
20/08/2026;Tarde;Pão de queijo;5
20/08/2026;Tarde;Pão francês;7
20/08/2026;Tarde;Sashimi;5
20/08/2026;Tarde;Sushi;7
20/08/2026;Tarde;Temaki;7
20/08/2026;Tarde;Torta de limão;5
20/08/2026;Noite;Beijinho;1
20/08/2026;Noite;Bolo de chocolate;5
20/08/2026;Noite;Brigadeiro;2
20/08/2026;Noite;Ceviche;6
20/08/2026;Noite;Coxinha;2
20/08/2026;Noite;Croissant;1
20/08/2026;Noite;Enroladinho de presunto e queijo;3
20/08/2026;Noite;Espetinho de carne;10
20/08/2026;Noite;Frango assado;4
20/08/2026;Noite;Frango temperado;2
20/08/2026;Noite;Hambúrguer artesanal;5
20/08/2026;Noite;Kafta;8
20/08/2026;Noite;Lasanha;4
20/08/2026;Noite;Linguiça artesanal;3
20/08/2026;Noite;Macarrão à bolonhesa;0
20/08/2026;Noite;Maki;4
20/08/2026;Noite;Marmita de arroz e feijão;1
20/08/2026;Noite;Pudim;6
20/08/2026;Noite;Purê de batata;3
20/08/2026;Noite;Pão de queijo;0
20/08/2026;Noite;Pão francês;4
20/08/2026;Noite;Sashimi;7
20/08/2026;Noite;Sushi;8
20/08/2026;Noite;Temaki;5
20/08/2026;Noite;Torta de limão;2
21/08/2026;Manhã;Beijinho;3
21/08/2026;Manhã;Bolo de chocolate;2
21/08/2026;Manhã;Brigadeiro;3
21/08/2026;Manhã;Ceviche;1
21/08/2026;Manhã;Coxinha;8
21/08/2026;Manhã;Croissant;10
21/08/2026;Manhã;Enroladinho de presunto e queijo;6
21/08/2026;Manhã;Espetinho de carne;3
21/08/2026;Manhã;Frango assado;3
21/08/2026;Manhã;Frango temperado;3
21/08/2026;Manhã;Hambúrguer artesanal;2
21/08/2026;Manhã;Kafta;3
21/08/2026;Manhã;Lasanha;7
21/08/2026;Manhã;Linguiça artesanal;2
21/08/2026;Manhã;Macarrão à bolonhesa;3
21/08/2026;Manhã;Maki;4
21/08/2026;Manhã;Marmita de arroz e feijão;3
21/08/2026;Manhã;Pudim;4
21/08/2026;Manhã;Purê de batata;5
21/08/2026;Manhã;Pão de queijo;8
21/08/2026;Manhã;Pão francês;10
21/08/2026;Manhã;Sashimi;2
21/08/2026;Manhã;Sushi;5
21/08/2026;Manhã;Temaki;2
21/08/2026;Manhã;Torta de limão;9
21/08/2026;Tarde;Beijinho;7
21/08/2026;Tarde;Bolo de chocolate;5
21/08/2026;Tarde;Brigadeiro;10
21/08/2026;Tarde;Ceviche;6
21/08/2026;Tarde;Coxinha;5
21/08/2026;Tarde;Croissant;7
21/08/2026;Tarde;Enroladinho de presunto e queijo;5
21/08/2026;Tarde;Espetinho de carne;7
21/08/2026;Tarde;Frango assado;8
21/08/2026;Tarde;Frango temperado;6
21/08/2026;Tarde;Hambúrguer artesanal;7
21/08/2026;Tarde;Kafta;5
21/08/2026;Tarde;Lasanha;10
21/08/2026;Tarde;Linguiça artesanal;3
21/08/2026;Tarde;Macarrão à bolonhesa;10
21/08/2026;Tarde;Maki;7
21/08/2026;Tarde;Marmita de arroz e feijão;10
21/08/2026;Tarde;Pudim;2
21/08/2026;Tarde;Purê de batata;9
21/08/2026;Tarde;Pão de queijo;6
21/08/2026;Tarde;Pão francês;2
21/08/2026;Tarde;Sashimi;10
21/08/2026;Tarde;Sushi;5
21/08/2026;Tarde;Temaki;5
21/08/2026;Tarde;Torta de limão;10
21/08/2026;Noite;Beijinho;3
21/08/2026;Noite;Bolo de chocolate;5
21/08/2026;Noite;Brigadeiro;6
21/08/2026;Noite;Ceviche;10
21/08/2026;Noite;Coxinha;4
21/08/2026;Noite;Croissant;2
21/08/2026;Noite;Enroladinho de presunto e queijo;10
21/08/2026;Noite;Espetinho de carne;10
21/08/2026;Noite;Frango assado;2
21/08/2026;Noite;Frango temperado;3
21/08/2026;Noite;Hambúrguer artesanal;10
21/08/2026;Noite;Kafta;10
21/08/2026;Noite;Lasanha;2
21/08/2026;Noite;Linguiça artesanal;10
21/08/2026;Noite;Macarrão à bolonhesa;1
21/08/2026;Noite;Maki;9
21/08/2026;Noite;Marmita de arroz e feijão;2
21/08/2026;Noite;Pudim;7
21/08/2026;Noite;Purê de batata;4
21/08/2026;Noite;Pão de queijo;3
21/08/2026;Noite;Pão francês;2
21/08/2026;Noite;Sashimi;8
21/08/2026;Noite;Sushi;10
21/08/2026;Noite;Temaki;9
21/08/2026;Noite;Torta de limão;5
22/08/2026;Manhã;Beijinho;7
22/08/2026;Manhã;Bolo de chocolate;8
22/08/2026;Manhã;Brigadeiro;8
22/08/2026;Manhã;Ceviche;4
22/08/2026;Manhã;Coxinha;7
22/08/2026;Manhã;Croissant;9
22/08/2026;Manhã;Enroladinho de presunto e queijo;6
22/08/2026;Manhã;Espetinho de carne;3
22/08/2026;Manhã;Frango assado;1
22/08/2026;Manhã;Frango temperado;6
22/08/2026;Manhã;Hambúrguer artesanal;2
22/08/2026;Manhã;Kafta;5
22/08/2026;Manhã;Lasanha;3
22/08/2026;Manhã;Linguiça artesanal;4
22/08/2026;Manhã;Macarrão à bolonhesa;3
22/08/2026;Manhã;Maki;2
22/08/2026;Manhã;Marmita de arroz e feijão;2
22/08/2026;Manhã;Pudim;6
22/08/2026;Manhã;Purê de batata;4
22/08/2026;Manhã;Pão de queijo;10
22/08/2026;Manhã;Pão francês;4
22/08/2026;Manhã;Sashimi;1
22/08/2026;Manhã;Sushi;5
22/08/2026;Manhã;Temaki;5
22/08/2026;Manhã;Torta de limão;7
22/08/2026;Tarde;Beijinho;4
22/08/2026;Tarde;Bolo de chocolate;3
22/08/2026;Tarde;Brigadeiro;6
22/08/2026;Tarde;Ceviche;8
22/08/2026;Tarde;Coxinha;3
22/08/2026;Tarde;Croissant;7
22/08/2026;Tarde;Enroladinho de presunto e queijo;7
22/08/2026;Tarde;Espetinho de carne;7
22/08/2026;Tarde;Frango assado;10
22/08/2026;Tarde;Frango temperado;10
22/08/2026;Tarde;Hambúrguer artesanal;8
22/08/2026;Tarde;Kafta;4
22/08/2026;Tarde;Lasanha;10
22/08/2026;Tarde;Linguiça artesanal;4
22/08/2026;Tarde;Macarrão à bolonhesa;10
22/08/2026;Tarde;Maki;6
22/08/2026;Tarde;Marmita de arroz e feijão;10
22/08/2026;Tarde;Pudim;7
22/08/2026;Tarde;Purê de batata;10
22/08/2026;Tarde;Pão de queijo;2
22/08/2026;Tarde;Pão francês;3
22/08/2026;Tarde;Sashimi;3
22/08/2026;Tarde;Sushi;9
22/08/2026;Tarde;Temaki;8
22/08/2026;Tarde;Torta de limão;10
22/08/2026;Noite;Beijinho;9
22/08/2026;Noite;Bolo de chocolate;3
22/08/2026;Noite;Brigadeiro;8
22/08/2026;Noite;Ceviche;10
22/08/2026;Noite;Coxinha;2
22/08/2026;Noite;Croissant;2
22/08/2026;Noite;Enroladinho de presunto e queijo;5
22/08/2026;Noite;Espetinho de carne;10
22/08/2026;Noite;Frango assado;2
22/08/2026;Noite;Frango temperado;10
22/08/2026;Noite;Hambúrguer artesanal;7
22/08/2026;Noite;Kafta;10
22/08/2026;Noite;Lasanha;4
22/08/2026;Noite;Linguiça artesanal;9
22/08/2026;Noite;Macarrão à bolonhesa;3
22/08/2026;Noite;Maki;10
22/08/2026;Noite;Marmita de arroz e feijão;10
22/08/2026;Noite;Pudim;6
22/08/2026;Noite;Purê de batata;6
22/08/2026;Noite;Pão de queijo;2
22/08/2026;Noite;Pão francês;1
22/08/2026;Noite;Sashimi;10
22/08/2026;Noite;Sushi;7
22/08/2026;Noite;Temaki;10
22/08/2026;Noite;Torta de limão;8
23/08/2026;Manhã;Beijinho;8
23/08/2026;Manhã;Bolo de chocolate;6
23/08/2026;Manhã;Brigadeiro;10
23/08/2026;Manhã;Ceviche;3
23/08/2026;Manhã;Coxinha;8
23/08/2026;Manhã;Croissant;10
23/08/2026;Manhã;Enroladinho de presunto e queijo;5
23/08/2026;Manhã;Espetinho de carne;2
23/08/2026;Manhã;Frango assado;3
23/08/2026;Manhã;Frango temperado;4
23/08/2026;Manhã;Hambúrguer artesanal;4
23/08/2026;Manhã;Kafta;2
23/08/2026;Manhã;Lasanha;2
23/08/2026;Manhã;Linguiça artesanal;2
23/08/2026;Manhã;Macarrão à bolonhesa;2
23/08/2026;Manhã;Maki;1
23/08/2026;Manhã;Marmita de arroz e feijão;5
23/08/2026;Manhã;Pudim;8
23/08/2026;Manhã;Purê de batata;2
23/08/2026;Manhã;Pão de queijo;10
23/08/2026;Manhã;Pão francês;10
23/08/2026;Manhã;Sashimi;2
23/08/2026;Manhã;Sushi;1
23/08/2026;Manhã;Temaki;2
23/08/2026;Manhã;Torta de limão;7
23/08/2026;Tarde;Beijinho;8
23/08/2026;Tarde;Bolo de chocolate;4
23/08/2026;Tarde;Brigadeiro;6
23/08/2026;Tarde;Ceviche;7
23/08/2026;Tarde;Coxinha;5
23/08/2026;Tarde;Croissant;6
23/08/2026;Tarde;Enroladinho de presunto e queijo;4
23/08/2026;Tarde;Espetinho de carne;5
23/08/2026;Tarde;Frango assado;8
23/08/2026;Tarde;Frango temperado;10
23/08/2026;Tarde;Hambúrguer artesanal;4
23/08/2026;Tarde;Kafta;2
23/08/2026;Tarde;Lasanha;8
23/08/2026;Tarde;Linguiça artesanal;8
23/08/2026;Tarde;Macarrão à bolonhesa;10
23/08/2026;Tarde;Maki;6
23/08/2026;Tarde;Marmita de arroz e feijão;8
23/08/2026;Tarde;Pudim;5
23/08/2026;Tarde;Purê de batata;10
23/08/2026;Tarde;Pão de queijo;5
23/08/2026;Tarde;Pão francês;7
23/08/2026;Tarde;Sashimi;9
23/08/2026;Tarde;Sushi;4
23/08/2026;Tarde;Temaki;2
23/08/2026;Tarde;Torta de limão;5
23/08/2026;Noite;Beijinho;2
23/08/2026;Noite;Bolo de chocolate;7
23/08/2026;Noite;Brigadeiro;5
23/08/2026;Noite;Ceviche;10
23/08/2026;Noite;Coxinha;8
23/08/2026;Noite;Croissant;4
23/08/2026;Noite;Enroladinho de presunto e queijo;6
23/08/2026;Noite;Espetinho de carne;6
23/08/2026;Noite;Frango assado;4
23/08/2026;Noite;Frango temperado;5
23/08/2026;Noite;Hambúrguer artesanal;9
23/08/2026;Noite;Kafta;7
23/08/2026;Noite;Lasanha;6
23/08/2026;Noite;Linguiça artesanal;9
23/08/2026;Noite;Macarrão à bolonhesa;2
23/08/2026;Noite;Maki;7
23/08/2026;Noite;Marmita de arroz e feijão;5
23/08/2026;Noite;Pudim;6
23/08/2026;Noite;Purê de batata;7
23/08/2026;Noite;Pão de queijo;4
23/08/2026;Noite;Pão francês;2
23/08/2026;Noite;Sashimi;10
23/08/2026;Noite;Sushi;10
23/08/2026;Noite;Temaki;9
23/08/2026;Noite;Torta de limão;9
24/08/2026;Manhã;Beijinho;1
24/08/2026;Manhã;Bolo de chocolate;8
24/08/2026;Manhã;Brigadeiro;5
24/08/2026;Manhã;Ceviche;3
24/08/2026;Manhã;Coxinha;4
24/08/2026;Manhã;Croissant;5
24/08/2026;Manhã;Enroladinho de presunto e queijo;5
24/08/2026;Manhã;Espetinho de carne;3
24/08/2026;Manhã;Frango assado;4
24/08/2026;Manhã;Frango temperado;3
24/08/2026;Manhã;Hambúrguer artesanal;1
24/08/2026;Manhã;Kafta;0
24/08/2026;Manhã;Lasanha;3
24/08/2026;Manhã;Linguiça artesanal;5
24/08/2026;Manhã;Macarrão à bolonhesa;5
24/08/2026;Manhã;Maki;1
24/08/2026;Manhã;Marmita de arroz e feijão;1
24/08/2026;Manhã;Pudim;4
24/08/2026;Manhã;Purê de batata;5
24/08/2026;Manhã;Pão de queijo;9
24/08/2026;Manhã;Pão francês;8
24/08/2026;Manhã;Sashimi;1
24/08/2026;Manhã;Sushi;0
24/08/2026;Manhã;Temaki;2
24/08/2026;Manhã;Torta de limão;6
24/08/2026;Tarde;Beijinho;6
24/08/2026;Tarde;Bolo de chocolate;5
24/08/2026;Tarde;Brigadeiro;2
24/08/2026;Tarde;Ceviche;1
24/08/2026;Tarde;Coxinha;6
24/08/2026;Tarde;Croissant;4
24/08/2026;Tarde;Enroladinho de presunto e queijo;8
24/08/2026;Tarde;Espetinho de carne;4
24/08/2026;Tarde;Frango assado;6
24/08/2026;Tarde;Frango temperado;6
24/08/2026;Tarde;Hambúrguer artesanal;3
24/08/2026;Tarde;Kafta;3
24/08/2026;Tarde;Lasanha;10
24/08/2026;Tarde;Linguiça artesanal;4
24/08/2026;Tarde;Macarrão à bolonhesa;8
24/08/2026;Tarde;Maki;4
24/08/2026;Tarde;Marmita de arroz e feijão;7
24/08/2026;Tarde;Pudim;2
24/08/2026;Tarde;Purê de batata;10
24/08/2026;Tarde;Pão de queijo;8
24/08/2026;Tarde;Pão francês;0
24/08/2026;Tarde;Sashimi;8
24/08/2026;Tarde;Sushi;2
24/08/2026;Tarde;Temaki;9
24/08/2026;Tarde;Torta de limão;1
24/08/2026;Noite;Beijinho;3
24/08/2026;Noite;Bolo de chocolate;7
24/08/2026;Noite;Brigadeiro;5
24/08/2026;Noite;Ceviche;10
24/08/2026;Noite;Coxinha;3
24/08/2026;Noite;Croissant;4
24/08/2026;Noite;Enroladinho de presunto e queijo;4
24/08/2026;Noite;Espetinho de carne;7
24/08/2026;Noite;Frango assado;5
24/08/2026;Noite;Frango temperado;6
24/08/2026;Noite;Hambúrguer artesanal;10
24/08/2026;Noite;Kafta;9
24/08/2026;Noite;Lasanha;2
24/08/2026;Noite;Linguiça artesanal;7
24/08/2026;Noite;Macarrão à bolonhesa;1
24/08/2026;Noite;Maki;6
24/08/2026;Noite;Marmita de arroz e feijão;1
24/08/2026;Noite;Pudim;4
24/08/2026;Noite;Purê de batata;2
24/08/2026;Noite;Pão de queijo;4
24/08/2026;Noite;Pão francês;3
24/08/2026;Noite;Sashimi;6
24/08/2026;Noite;Sushi;8
24/08/2026;Noite;Temaki;8
24/08/2026;Noite;Torta de limão;6
25/08/2026;Manhã;Beijinho;2
25/08/2026;Manhã;Bolo de chocolate;1
25/08/2026;Manhã;Brigadeiro;4
25/08/2026;Manhã;Ceviche;1
25/08/2026;Manhã;Coxinha;4
25/08/2026;Manhã;Croissant;1
25/08/2026;Manhã;Enroladinho de presunto e queijo;4
25/08/2026;Manhã;Espetinho de carne;2
25/08/2026;Manhã;Frango assado;2
25/08/2026;Manhã;Frango temperado;3
25/08/2026;Manhã;Hambúrguer artesanal;3
25/08/2026;Manhã;Kafta;0
25/08/2026;Manhã;Lasanha;3
25/08/2026;Manhã;Linguiça artesanal;2
25/08/2026;Manhã;Macarrão à bolonhesa;2
25/08/2026;Manhã;Maki;2
25/08/2026;Manhã;Marmita de arroz e feijão;2
25/08/2026;Manhã;Pudim;0
25/08/2026;Manhã;Purê de batata;1
25/08/2026;Manhã;Pão de queijo;5
25/08/2026;Manhã;Pão francês;6
25/08/2026;Manhã;Sashimi;1
25/08/2026;Manhã;Sushi;2
25/08/2026;Manhã;Temaki;3
25/08/2026;Manhã;Torta de limão;3
25/08/2026;Tarde;Beijinho;3
25/08/2026;Tarde;Bolo de chocolate;2
25/08/2026;Tarde;Brigadeiro;2
25/08/2026;Tarde;Ceviche;5
25/08/2026;Tarde;Coxinha;2
25/08/2026;Tarde;Croissant;4
25/08/2026;Tarde;Enroladinho de presunto e queijo;2
25/08/2026;Tarde;Espetinho de carne;6
25/08/2026;Tarde;Frango assado;4
25/08/2026;Tarde;Frango temperado;7
25/08/2026;Tarde;Hambúrguer artesanal;0
25/08/2026;Tarde;Kafta;0
25/08/2026;Tarde;Lasanha;6
25/08/2026;Tarde;Linguiça artesanal;3
25/08/2026;Tarde;Macarrão à bolonhesa;3
25/08/2026;Tarde;Maki;3
25/08/2026;Tarde;Marmita de arroz e feijão;2
25/08/2026;Tarde;Pudim;3
25/08/2026;Tarde;Purê de batata;8
25/08/2026;Tarde;Pão de queijo;1
25/08/2026;Tarde;Pão francês;2
25/08/2026;Tarde;Sashimi;5
25/08/2026;Tarde;Sushi;3
25/08/2026;Tarde;Temaki;6
25/08/2026;Tarde;Torta de limão;4
25/08/2026;Noite;Beijinho;3
25/08/2026;Noite;Bolo de chocolate;3
25/08/2026;Noite;Brigadeiro;2
25/08/2026;Noite;Ceviche;5
25/08/2026;Noite;Coxinha;2
25/08/2026;Noite;Croissant;2
25/08/2026;Noite;Enroladinho de presunto e queijo;3
25/08/2026;Noite;Espetinho de carne;7
25/08/2026;Noite;Frango assado;6
25/08/2026;Noite;Frango temperado;2
25/08/2026;Noite;Hambúrguer artesanal;4
25/08/2026;Noite;Kafta;4
25/08/2026;Noite;Lasanha;7
25/08/2026;Noite;Linguiça artesanal;2
25/08/2026;Noite;Macarrão à bolonhesa;1
25/08/2026;Noite;Maki;6
25/08/2026;Noite;Marmita de arroz e feijão;1
25/08/2026;Noite;Pudim;4
25/08/2026;Noite;Purê de batata;1
25/08/2026;Noite;Pão de queijo;0
25/08/2026;Noite;Pão francês;1
25/08/2026;Noite;Sashimi;3
25/08/2026;Noite;Sushi;1
25/08/2026;Noite;Temaki;10
25/08/2026;Noite;Torta de limão;1
26/08/2026;Manhã;Beijinho;7
26/08/2026;Manhã;Bolo de chocolate;7
26/08/2026;Manhã;Brigadeiro;3
26/08/2026;Manhã;Ceviche;4
26/08/2026;Manhã;Coxinha;3
26/08/2026;Manhã;Croissant;6
26/08/2026;Manhã;Enroladinho de presunto e queijo;5
26/08/2026;Manhã;Espetinho de carne;0
26/08/2026;Manhã;Frango assado;3
26/08/2026;Manhã;Frango temperado;0
26/08/2026;Manhã;Hambúrguer artesanal;0
26/08/2026;Manhã;Kafta;1
26/08/2026;Manhã;Lasanha;1
26/08/2026;Manhã;Linguiça artesanal;0
26/08/2026;Manhã;Macarrão à bolonhesa;1
26/08/2026;Manhã;Maki;1
26/08/2026;Manhã;Marmita de arroz e feijão;2
26/08/2026;Manhã;Pudim;4
26/08/2026;Manhã;Purê de batata;2
26/08/2026;Manhã;Pão de queijo;3
26/08/2026;Manhã;Pão francês;4
26/08/2026;Manhã;Sashimi;3
26/08/2026;Manhã;Sushi;1
26/08/2026;Manhã;Temaki;2
26/08/2026;Manhã;Torta de limão;2
26/08/2026;Tarde;Beijinho;8
26/08/2026;Tarde;Bolo de chocolate;3
26/08/2026;Tarde;Brigadeiro;3
26/08/2026;Tarde;Ceviche;9
26/08/2026;Tarde;Coxinha;3
26/08/2026;Tarde;Croissant;3
26/08/2026;Tarde;Enroladinho de presunto e queijo;5
26/08/2026;Tarde;Espetinho de carne;0
26/08/2026;Tarde;Frango assado;0
26/08/2026;Tarde;Frango temperado;6
26/08/2026;Tarde;Hambúrguer artesanal;2
26/08/2026;Tarde;Kafta;1
26/08/2026;Tarde;Lasanha;1
26/08/2026;Tarde;Linguiça artesanal;3
26/08/2026;Tarde;Macarrão à bolonhesa;2
26/08/2026;Tarde;Maki;5
26/08/2026;Tarde;Marmita de arroz e feijão;2
26/08/2026;Tarde;Pudim;3
26/08/2026;Tarde;Purê de batata;4
26/08/2026;Tarde;Pão de queijo;0
26/08/2026;Tarde;Pão francês;1
26/08/2026;Tarde;Sashimi;5
26/08/2026;Tarde;Sushi;6
26/08/2026;Tarde;Temaki;1
26/08/2026;Tarde;Torta de limão;2
26/08/2026;Noite;Beijinho;7
26/08/2026;Noite;Bolo de chocolate;0
26/08/2026;Noite;Brigadeiro;2
26/08/2026;Noite;Ceviche;8
26/08/2026;Noite;Coxinha;3
26/08/2026;Noite;Croissant;3
26/08/2026;Noite;Enroladinho de presunto e queijo;4
26/08/2026;Noite;Espetinho de carne;2
26/08/2026;Noite;Frango assado;1
26/08/2026;Noite;Frango temperado;1
26/08/2026;Noite;Hambúrguer artesanal;2
26/08/2026;Noite;Kafta;5
26/08/2026;Noite;Lasanha;3
26/08/2026;Noite;Linguiça artesanal;4
26/08/2026;Noite;Macarrão à bolonhesa;2
26/08/2026;Noite;Maki;6
26/08/2026;Noite;Marmita de arroz e feijão;2
26/08/2026;Noite;Pudim;3
26/08/2026;Noite;Purê de batata;1
26/08/2026;Noite;Pão de queijo;3
26/08/2026;Noite;Pão francês;1
26/08/2026;Noite;Sashimi;5
26/08/2026;Noite;Sushi;3
26/08/2026;Noite;Temaki;7
26/08/2026;Noite;Torta de limão;6
27/08/2026;Manhã;Beijinho;7
27/08/2026;Manhã;Bolo de chocolate;5
27/08/2026;Manhã;Brigadeiro;7
27/08/2026;Manhã;Ceviche;1
27/08/2026;Manhã;Coxinha;1
27/08/2026;Manhã;Croissant;10
27/08/2026;Manhã;Enroladinho de presunto e queijo;7
27/08/2026;Manhã;Espetinho de carne;0
27/08/2026;Manhã;Frango assado;3
27/08/2026;Manhã;Frango temperado;0
27/08/2026;Manhã;Hambúrguer artesanal;2
27/08/2026;Manhã;Kafta;0
27/08/2026;Manhã;Lasanha;2
27/08/2026;Manhã;Linguiça artesanal;1
27/08/2026;Manhã;Macarrão à bolonhesa;4
27/08/2026;Manhã;Maki;5
27/08/2026;Manhã;Marmita de arroz e feijão;2
27/08/2026;Manhã;Pudim;0
27/08/2026;Manhã;Purê de batata;3
27/08/2026;Manhã;Pão de queijo;5
27/08/2026;Manhã;Pão francês;3
27/08/2026;Manhã;Sashimi;2
27/08/2026;Manhã;Sushi;0
27/08/2026;Manhã;Temaki;4
27/08/2026;Manhã;Torta de limão;9
27/08/2026;Tarde;Beijinho;2
27/08/2026;Tarde;Bolo de chocolate;6
27/08/2026;Tarde;Brigadeiro;4
27/08/2026;Tarde;Ceviche;2
27/08/2026;Tarde;Coxinha;5
27/08/2026;Tarde;Croissant;3
27/08/2026;Tarde;Enroladinho de presunto e queijo;2
27/08/2026;Tarde;Espetinho de carne;1
27/08/2026;Tarde;Frango assado;3
27/08/2026;Tarde;Frango temperado;2
27/08/2026;Tarde;Hambúrguer artesanal;1
27/08/2026;Tarde;Kafta;1
27/08/2026;Tarde;Lasanha;0
27/08/2026;Tarde;Linguiça artesanal;0
27/08/2026;Tarde;Macarrão à bolonhesa;6
27/08/2026;Tarde;Maki;5
27/08/2026;Tarde;Marmita de arroz e feijão;5
27/08/2026;Tarde;Pudim;3
27/08/2026;Tarde;Purê de batata;1
27/08/2026;Tarde;Pão de queijo;3
27/08/2026;Tarde;Pão francês;3
27/08/2026;Tarde;Sashimi;5
27/08/2026;Tarde;Sushi;3
27/08/2026;Tarde;Temaki;6
27/08/2026;Tarde;Torta de limão;3
27/08/2026;Noite;Beijinho;2
27/08/2026;Noite;Bolo de chocolate;5
27/08/2026;Noite;Brigadeiro;6
27/08/2026;Noite;Ceviche;10
27/08/2026;Noite;Coxinha;3
27/08/2026;Noite;Croissant;2
27/08/2026;Noite;Enroladinho de presunto e queijo;3
27/08/2026;Noite;Espetinho de carne;6
27/08/2026;Noite;Frango assado;1
27/08/2026;Noite;Frango temperado;1
27/08/2026;Noite;Hambúrguer artesanal;1
27/08/2026;Noite;Kafta;4
27/08/2026;Noite;Lasanha;1
27/08/2026;Noite;Linguiça artesanal;2
27/08/2026;Noite;Macarrão à bolonhesa;2
27/08/2026;Noite;Maki;7
27/08/2026;Noite;Marmita de arroz e feijão;2
27/08/2026;Noite;Pudim;7
27/08/2026;Noite;Purê de batata;1
27/08/2026;Noite;Pão de queijo;0
27/08/2026;Noite;Pão francês;1
27/08/2026;Noite;Sashimi;5
27/08/2026;Noite;Sushi;10
27/08/2026;Noite;Temaki;6
27/08/2026;Noite;Torta de limão;6
28/08/2026;Manhã;Beijinho;6
28/08/2026;Manhã;Bolo de chocolate;6
28/08/2026;Manhã;Brigadeiro;8
28/08/2026;Manhã;Ceviche;1
28/08/2026;Manhã;Coxinha;3
28/08/2026;Manhã;Croissant;7
28/08/2026;Manhã;Enroladinho de presunto e queijo;6
28/08/2026;Manhã;Espetinho de carne;1
28/08/2026;Manhã;Frango assado;0
28/08/2026;Manhã;Frango temperado;1
28/08/2026;Manhã;Hambúrguer artesanal;2
28/08/2026;Manhã;Kafta;0
28/08/2026;Manhã;Lasanha;2
28/08/2026;Manhã;Linguiça artesanal;3
28/08/2026;Manhã;Macarrão à bolonhesa;2
28/08/2026;Manhã;Maki;1
28/08/2026;Manhã;Marmita de arroz e feijão;3
28/08/2026;Manhã;Pudim;6
28/08/2026;Manhã;Purê de batata;2
28/08/2026;Manhã;Pão de queijo;10
28/08/2026;Manhã;Pão francês;8
28/08/2026;Manhã;Sashimi;3
28/08/2026;Manhã;Sushi;3
28/08/2026;Manhã;Temaki;4
28/08/2026;Manhã;Torta de limão;6
28/08/2026;Tarde;Beijinho;4
28/08/2026;Tarde;Bolo de chocolate;6
28/08/2026;Tarde;Brigadeiro;8
28/08/2026;Tarde;Ceviche;6
28/08/2026;Tarde;Coxinha;6
28/08/2026;Tarde;Croissant;3
28/08/2026;Tarde;Enroladinho de presunto e queijo;9
28/08/2026;Tarde;Espetinho de carne;4
28/08/2026;Tarde;Frango assado;10
28/08/2026;Tarde;Frango temperado;3
28/08/2026;Tarde;Hambúrguer artesanal;3
28/08/2026;Tarde;Kafta;2
28/08/2026;Tarde;Lasanha;3
28/08/2026;Tarde;Linguiça artesanal;4
28/08/2026;Tarde;Macarrão à bolonhesa;5
28/08/2026;Tarde;Maki;8
28/08/2026;Tarde;Marmita de arroz e feijão;4
28/08/2026;Tarde;Pudim;10
28/08/2026;Tarde;Purê de batata;7
28/08/2026;Tarde;Pão de queijo;1
28/08/2026;Tarde;Pão francês;3
28/08/2026;Tarde;Sashimi;3
28/08/2026;Tarde;Sushi;3
28/08/2026;Tarde;Temaki;5
28/08/2026;Tarde;Torta de limão;10
28/08/2026;Noite;Beijinho;6
28/08/2026;Noite;Bolo de chocolate;5
28/08/2026;Noite;Brigadeiro;8
28/08/2026;Noite;Ceviche;10
28/08/2026;Noite;Coxinha;4
28/08/2026;Noite;Croissant;3
28/08/2026;Noite;Enroladinho de presunto e queijo;6
28/08/2026;Noite;Espetinho de carne;3
28/08/2026;Noite;Frango assado;2
28/08/2026;Noite;Frango temperado;2
28/08/2026;Noite;Hambúrguer artesanal;2
28/08/2026;Noite;Kafta;2
28/08/2026;Noite;Lasanha;0
28/08/2026;Noite;Linguiça artesanal;3
28/08/2026;Noite;Macarrão à bolonhesa;1
28/08/2026;Noite;Maki;7
28/08/2026;Noite;Marmita de arroz e feijão;4
28/08/2026;Noite;Pudim;3
28/08/2026;Noite;Purê de batata;2
28/08/2026;Noite;Pão de queijo;3
28/08/2026;Noite;Pão francês;1
28/08/2026;Noite;Sashimi;4
28/08/2026;Noite;Sushi;7
28/08/2026;Noite;Temaki;8
28/08/2026;Noite;Torta de limão;8
29/08/2026;Manhã;Beijinho;7
29/08/2026;Manhã;Bolo de chocolate;6
29/08/2026;Manhã;Brigadeiro;4
29/08/2026;Manhã;Ceviche;3
29/08/2026;Manhã;Coxinha;2
29/08/2026;Manhã;Croissant;8
29/08/2026;Manhã;Enroladinho de presunto e queijo;7
29/08/2026;Manhã;Espetinho de carne;0
29/08/2026;Manhã;Frango assado;3
29/08/2026;Manhã;Frango temperado;1
29/08/2026;Manhã;Hambúrguer artesanal;0
29/08/2026;Manhã;Kafta;0
29/08/2026;Manhã;Lasanha;1
29/08/2026;Manhã;Linguiça artesanal;0
29/08/2026;Manhã;Macarrão à bolonhesa;2
29/08/2026;Manhã;Maki;4
29/08/2026;Manhã;Marmita de arroz e feijão;2
29/08/2026;Manhã;Pudim;6
29/08/2026;Manhã;Purê de batata;2
29/08/2026;Manhã;Pão de queijo;5
29/08/2026;Manhã;Pão francês;9
29/08/2026;Manhã;Sashimi;4
29/08/2026;Manhã;Sushi;2
29/08/2026;Manhã;Temaki;2
29/08/2026;Manhã;Torta de limão;3
29/08/2026;Tarde;Beijinho;6
29/08/2026;Tarde;Bolo de chocolate;6
29/08/2026;Tarde;Brigadeiro;5
29/08/2026;Tarde;Ceviche;2
29/08/2026;Tarde;Coxinha;5
29/08/2026;Tarde;Croissant;3
29/08/2026;Tarde;Enroladinho de presunto e queijo;6
29/08/2026;Tarde;Espetinho de carne;2
29/08/2026;Tarde;Frango assado;8
29/08/2026;Tarde;Frango temperado;4
29/08/2026;Tarde;Hambúrguer artesanal;3
29/08/2026;Tarde;Kafta;3
29/08/2026;Tarde;Lasanha;2
29/08/2026;Tarde;Linguiça artesanal;4
29/08/2026;Tarde;Macarrão à bolonhesa;6
29/08/2026;Tarde;Maki;3
29/08/2026;Tarde;Marmita de arroz e feijão;3
29/08/2026;Tarde;Pudim;7
29/08/2026;Tarde;Purê de batata;6
29/08/2026;Tarde;Pão de queijo;3
29/08/2026;Tarde;Pão francês;3
29/08/2026;Tarde;Sashimi;10
29/08/2026;Tarde;Sushi;6
29/08/2026;Tarde;Temaki;7
29/08/2026;Tarde;Torta de limão;4
29/08/2026;Noite;Beijinho;3
29/08/2026;Noite;Bolo de chocolate;4
29/08/2026;Noite;Brigadeiro;6
29/08/2026;Noite;Ceviche;10
29/08/2026;Noite;Coxinha;2
29/08/2026;Noite;Croissant;1
29/08/2026;Noite;Enroladinho de presunto e queijo;2
29/08/2026;Noite;Espetinho de carne;6
29/08/2026;Noite;Frango assado;3
29/08/2026;Noite;Frango temperado;0
29/08/2026;Noite;Hambúrguer artesanal;7
29/08/2026;Noite;Kafta;6
29/08/2026;Noite;Lasanha;1
29/08/2026;Noite;Linguiça artesanal;8
29/08/2026;Noite;Macarrão à bolonhesa;1
29/08/2026;Noite;Maki;7
29/08/2026;Noite;Marmita de arroz e feijão;2
29/08/2026;Noite;Pudim;10
29/08/2026;Noite;Purê de batata;4
29/08/2026;Noite;Pão de queijo;2
29/08/2026;Noite;Pão francês;1
29/08/2026;Noite;Sashimi;8
29/08/2026;Noite;Sushi;7
29/08/2026;Noite;Temaki;10
29/08/2026;Noite;Torta de limão;3
30/08/2026;Manhã;Beijinho;2
30/08/2026;Manhã;Bolo de chocolate;5
30/08/2026;Manhã;Brigadeiro;5
30/08/2026;Manhã;Ceviche;3
30/08/2026;Manhã;Coxinha;9
30/08/2026;Manhã;Croissant;5
30/08/2026;Manhã;Enroladinho de presunto e queijo;5
30/08/2026;Manhã;Espetinho de carne;3
30/08/2026;Manhã;Frango assado;1
30/08/2026;Manhã;Frango temperado;1
30/08/2026;Manhã;Hambúrguer artesanal;4
30/08/2026;Manhã;Kafta;4
30/08/2026;Manhã;Lasanha;5
30/08/2026;Manhã;Linguiça artesanal;2
30/08/2026;Manhã;Macarrão à bolonhesa;3
30/08/2026;Manhã;Maki;1
30/08/2026;Manhã;Marmita de arroz e feijão;0
30/08/2026;Manhã;Pudim;4
30/08/2026;Manhã;Purê de batata;2
30/08/2026;Manhã;Pão de queijo;6
30/08/2026;Manhã;Pão francês;2
30/08/2026;Manhã;Sashimi;4
30/08/2026;Manhã;Sushi;1
30/08/2026;Manhã;Temaki;3
30/08/2026;Manhã;Torta de limão;5
30/08/2026;Tarde;Beijinho;3
30/08/2026;Tarde;Bolo de chocolate;3
30/08/2026;Tarde;Brigadeiro;3
30/08/2026;Tarde;Ceviche;6
30/08/2026;Tarde;Coxinha;7
30/08/2026;Tarde;Croissant;2
30/08/2026;Tarde;Enroladinho de presunto e queijo;4
30/08/2026;Tarde;Espetinho de carne;2
30/08/2026;Tarde;Frango assado;3
30/08/2026;Tarde;Frango temperado;8
30/08/2026;Tarde;Hambúrguer artesanal;3
30/08/2026;Tarde;Kafta;4
30/08/2026;Tarde;Lasanha;4
30/08/2026;Tarde;Linguiça artesanal;6
30/08/2026;Tarde;Macarrão à bolonhesa;4
30/08/2026;Tarde;Maki;3
30/08/2026;Tarde;Marmita de arroz e feijão;9
30/08/2026;Tarde;Pudim;7
30/08/2026;Tarde;Purê de batata;5
30/08/2026;Tarde;Pão de queijo;4
30/08/2026;Tarde;Pão francês;4
30/08/2026;Tarde;Sashimi;0
30/08/2026;Tarde;Sushi;5
30/08/2026;Tarde;Temaki;4
30/08/2026;Tarde;Torta de limão;9
30/08/2026;Noite;Beijinho;7
30/08/2026;Noite;Bolo de chocolate;9
30/08/2026;Noite;Brigadeiro;4
30/08/2026;Noite;Ceviche;9
30/08/2026;Noite;Coxinha;4
30/08/2026;Noite;Croissant;6
30/08/2026;Noite;Enroladinho de presunto e queijo;4
30/08/2026;Noite;Espetinho de carne;8
30/08/2026;Noite;Frango assado;3
30/08/2026;Noite;Frango temperado;4
30/08/2026;Noite;Hambúrguer artesanal;10
30/08/2026;Noite;Kafta;6
30/08/2026;Noite;Lasanha;4
30/08/2026;Noite;Linguiça artesanal;4
30/08/2026;Noite;Macarrão à bolonhesa;2
30/08/2026;Noite;Maki;9
30/08/2026;Noite;Marmita de arroz e feijão;3
30/08/2026;Noite;Pudim;2
30/08/2026;Noite;Purê de batata;3
30/08/2026;Noite;Pão de queijo;0
30/08/2026;Noite;Pão francês;3
30/08/2026;Noite;Sashimi;5
30/08/2026;Noite;Sushi;5
30/08/2026;Noite;Temaki;8
30/08/2026;Noite;Torta de limão;4
31/08/2026;Manhã;Beijinho;1
31/08/2026;Manhã;Bolo de chocolate;4
31/08/2026;Manhã;Brigadeiro;2
31/08/2026;Manhã;Ceviche;0
31/08/2026;Manhã;Coxinha;2
31/08/2026;Manhã;Croissant;9
31/08/2026;Manhã;Enroladinho de presunto e queijo;2
31/08/2026;Manhã;Espetinho de carne;2
31/08/2026;Manhã;Frango assado;2
31/08/2026;Manhã;Frango temperado;2
31/08/2026;Manhã;Hambúrguer artesanal;1
31/08/2026;Manhã;Kafta;2
31/08/2026;Manhã;Lasanha;3
31/08/2026;Manhã;Linguiça artesanal;0
31/08/2026;Manhã;Macarrão à bolonhesa;0
31/08/2026;Manhã;Maki;0
31/08/2026;Manhã;Marmita de arroz e feijão;1
31/08/2026;Manhã;Pudim;6
31/08/2026;Manhã;Purê de batata;4
31/08/2026;Manhã;Pão de queijo;2
31/08/2026;Manhã;Pão francês;7
31/08/2026;Manhã;Sashimi;2
31/08/2026;Manhã;Sushi;3
31/08/2026;Manhã;Temaki;2
31/08/2026;Manhã;Torta de limão;1
31/08/2026;Tarde;Beijinho;4
31/08/2026;Tarde;Bolo de chocolate;4
31/08/2026;Tarde;Brigadeiro;1
31/08/2026;Tarde;Ceviche;2
31/08/2026;Tarde;Coxinha;2
31/08/2026;Tarde;Croissant;1
31/08/2026;Tarde;Enroladinho de presunto e queijo;5
31/08/2026;Tarde;Espetinho de carne;7
31/08/2026;Tarde;Frango assado;4
31/08/2026;Tarde;Frango temperado;4
31/08/2026;Tarde;Hambúrguer artesanal;2
31/08/2026;Tarde;Kafta;2
31/08/2026;Tarde;Lasanha;1
31/08/2026;Tarde;Linguiça artesanal;0
31/08/2026;Tarde;Macarrão à bolonhesa;4
31/08/2026;Tarde;Maki;4
31/08/2026;Tarde;Marmita de arroz e feijão;7
31/08/2026;Tarde;Pudim;5
31/08/2026;Tarde;Purê de batata;7
31/08/2026;Tarde;Pão de queijo;1
31/08/2026;Tarde;Pão francês;2
31/08/2026;Tarde;Sashimi;5
31/08/2026;Tarde;Sushi;1
31/08/2026;Tarde;Temaki;3
31/08/2026;Tarde;Torta de limão;7
31/08/2026;Noite;Beijinho;5
31/08/2026;Noite;Bolo de chocolate;4
31/08/2026;Noite;Brigadeiro;3
31/08/2026;Noite;Ceviche;3
31/08/2026;Noite;Coxinha;3
31/08/2026;Noite;Croissant;1
31/08/2026;Noite;Enroladinho de presunto e queijo;3
31/08/2026;Noite;Espetinho de carne;4
31/08/2026;Noite;Frango assado;4
31/08/2026;Noite;Frango temperado;2
31/08/2026;Noite;Hambúrguer artesanal;5
31/08/2026;Noite;Kafta;7
31/08/2026;Noite;Lasanha;1
31/08/2026;Noite;Linguiça artesanal;3
31/08/2026;Noite;Macarrão à bolonhesa;3
31/08/2026;Noite;Maki;6
31/08/2026;Noite;Marmita de arroz e feijão;2
31/08/2026;Noite;Pudim;4
31/08/2026;Noite;Purê de batata;3
31/08/2026;Noite;Pão de queijo;2
31/08/2026;Noite;Pão francês;3
31/08/2026;Noite;Sashimi;5
31/08/2026;Noite;Sushi;7
31/08/2026;Noite;Temaki;4
31/08/2026;Noite;Torta de limão;2
